"","Chr","Start","End","Z_score","fold"
"p53_chipseq_ALL_3101_Hit1","chr3",194751916,194751934,7.87,10
"p53_chipseq_ALL_3507_Hit1","chr6",36635046,36635064,7.8,8
"p53_chipseq_ALL_55_Hit1","chr1",28678988,28679006,4.92,2
"p53_chipseq_ALL_3507_Hit3","chr6",36635031,36635049,4.45,9
"p53_chipseq_ALL_3508_Hit1","chr6",36644238,36644256,4.2,6
"p53_chipseq_ALL_3519_Hit2","chr6",43064432,43064450,3.89,10
"p53_chipseq_ALL_528_Hit1","chr10",92737319,92737337,3.79,4
"p53_chipseq_ALL_3962_Hit1","chr8",124624776,124624794,2.86,9
"p53_chipseq_ALL_632_Hit1","chr11",34707149,34707167,2.79,4
"p53_chipseq_ALL_610_Hit1","chr11",9824009,9824027,2.76,9
"p53_chipseq_ALL_1094_Hit1","chr14",51067111,51067129,2.69,9
"p53_chipseq_ALL_3614_Hit1","chr7",5469022,5469040,2.5,6
"p53_chipseq_ALL_356_Hit1","chr1",205267611,205267629,2.36,5
"p53_chipseq_ALL_1857_Hit2","chr17",78668087,78668105,2.32,2
"p53_chipseq_ALL_1123_Hit2","chr14",65147167,65147185,2.3,4
"p53_chipseq_ALL_1646_Hit2","chr17",38738721,38738739,2.28,5
"p53_chipseq_ALL_1843_Hit1","chr17",67866978,67866996,2.24,8
"p53_chipseq_ALL_3304_Hit2","chr5",71203164,71203182,1.95,9
"p53_chipseq_ALL_3635_Hit1","chr7",25011028,25011046,1.93,2
"p53_chipseq_ALL_3288_Hit1","chr5",56363561,56363579,1.67,10
"p53_chipseq_ALL_3602_Hit2","chr7",579659,579677,1.64,2
"p53_chipseq_ALL_1298_Hit2","chr15",52121580,52121598,1.62,9
"p53_chipseq_ALL_1643_Hit2","chr17",38627789,38627807,1.62,4
"p53_chipseq_ALL_3118_Hit1","chr4",1772665,1772683,1.58,7
"p53_chipseq_ALL_3023_Hit1","chr3",151555114,151555132,1.57,2
"p53_chipseq_ALL_367_Hit1","chr1",207038822,207038840,1.53,9
"p53_chipseq_ALL_695_Hit1","chr11",70371384,70371402,1.52,3
"p53_chipseq_ALL_611_Hit2","chr11",10066304,10066322,1.52,2
"p53_chipseq_ALL_3060_Hit2","chr3",184243722,184243740,1.51,4
"p53_chipseq_ALL_2302_Hit2","chr2",207095213,207095231,1.51,3
"p53_chipseq_ALL_1905_Hit1","chr18",33442226,33442244,1.48,7
"p53_chipseq_ALL_3918_Hit1","chr8",102449591,102449609,1.48,3
"p53_chipseq_ALL_3923_Hit2","chr8",103249068,103249086,1.46,2
"p53_chipseq_ALL_4175_Hit1","chrX",17566049,17566067,1.44,7
"p53_chipseq_ALL_237_Hit1","chr1",151962200,151962218,1.44,9
"p53_chipseq_ALL_4027_Hit3","chr8",145597060,145597078,1.43,8
"p53_chipseq_ALL_3328_Hit2","chr5",98175532,98175550,1.41,6
"p53_chipseq_ALL_1852_Hit1","chr17",74128797,74128815,1.4,8
"p53_chipseq_ALL_2729_Hit1","chr22",18917232,18917250,1.36,2
"p53_chipseq_ALL_2799_Hit2","chr3",5036818,5036836,1.35,8
"p53_chipseq_ALL_3122_Hit1","chr4",3786391,3786409,1.34,3
"p53_chipseq_ALL_428_Hit1","chr10",11059457,11059475,1.33,2
"p53_chipseq_ALL_3127_Hit1","chr4",5914516,5914534,1.32,4
"p53_chipseq_ALL_1254_Hit1","chr15",36298239,36298257,1.3,5
"p53_chipseq_ALL_4058_Hit2","chr9",35906123,35906141,1.29,3
"p53_chipseq_ALL_3045_Hit1","chr3",172235067,172235085,1.28,10
"p53_chipseq_ALL_3462_Hit2","chr6",7464172,7464190,1.26,8
"p53_chipseq_ALL_2900_Hit1","chr3",64172785,64172803,1.25,2
"p53_chipseq_ALL_1074_Hit1","chr14",35854830,35854848,1.24,5
"p53_chipseq_ALL_3386_Hit1","chr5",138044542,138044560,1.24,4
"p53_chipseq_ALL_3462_Hit1","chr6",7464198,7464216,1.24,1
"p53_chipseq_ALL_24_Hit1","chr1",16511302,16511320,1.23,9
"p53_chipseq_ALL_2963_Hit1","chr3",119357955,119357973,1.23,9
"p53_chipseq_ALL_4206_Hit2","chrX",93655738,93655756,1.23,6
"p53_chipseq_ALL_2732_Hit1","chr22",19862164,19862182,1.23,8
"p53_chipseq_ALL_2156_Hit1","chr2",74237580,74237598,1.22,2
"p53_chipseq_ALL_591_Hit2","chr11",534762,534780,1.22,6
"p53_chipseq_ALL_2858_Hit2","chr3",53304101,53304119,1.21,1
"p53_chipseq_ALL_508_Hit1","chr10",80997664,80997682,1.19,6
"p53_chipseq_ALL_2945_Hit1","chr3",83983816,83983834,1.19,7
"p53_chipseq_ALL_2736_Hit1","chr22",25457815,25457833,1.19,10
"p53_chipseq_ALL_2106_Hit1","chr2",37881409,37881427,1.15,9
"p53_chipseq_ALL_2741_Hit2","chr22",29379344,29379362,1.15,1
"p53_chipseq_ALL_667_Hit2","chr11",65551622,65551640,1.13,8
"p53_chipseq_ALL_1687_Hit1","chr17",55945556,55945574,1.13,10
"p53_chipseq_ALL_387_Hit1","chr1",218633353,218633371,1.13,8
"p53_chipseq_ALL_620_Hit1","chr11",20072242,20072260,1.1,3
"p53_chipseq_ALL_50_Hit2","chr1",27669583,27669601,1.08,2
"p53_chipseq_ALL_549_Hit1","chr10",105435977,105435995,1.08,1
"p53_chipseq_ALL_2068_Hit1","chr19",56112764,56112782,1.07,4
"p53_chipseq_ALL_3014_Hit1","chr3",149017988,149018006,1.06,2
"p53_chipseq_ALL_22_Hit1","chr1",16479026,16479044,1.06,7
"p53_chipseq_ALL_3311_Hit2","chr5",76146497,76146515,1.06,8
"p53_chipseq_ALL_1458_Hit1","chr16",14400983,14401001,1.05,9
"p53_chipseq_ALL_1534_Hit1","chr16",75339854,75339872,1.03,8
"p53_chipseq_ALL_3205_Hit1","chr4",124476659,124476677,1.03,8
"p53_chipseq_ALL_3669_Hit2","chr7",55642191,55642209,1.03,1
"p53_chipseq_ALL_2096_Hit1","chr2",27388338,27388356,1.03,6
"p53_chipseq_ALL_1044_Hit1","chr13",100702813,100702831,1.02,5
"p53_chipseq_ALL_646_Hit1","chr11",61739022,61739040,1.02,4
"p53_chipseq_ALL_237_Hit2","chr1",151962185,151962203,1.02,2
"p53_chipseq_ALL_516_Hit2","chr10",85743594,85743612,1.02,10
"p53_chipseq_ALL_1145_Hit2","chr14",70466225,70466243,1.01,6
"p53_chipseq_ALL_2939_Hit1","chr3",72226664,72226682,1.01,4
"p53_chipseq_ALL_808_Hit1","chr12",46501577,46501595,1.01,4
"p53_chipseq_ALL_3511_Hit1","chr6",38362244,38362262,0.99,10
"p53_chipseq_ALL_3590_Hit2","chr6",158069718,158069736,0.99,9
"p53_chipseq_ALL_3451_Hit1","chr6",680842,680860,0.99,4
"p53_chipseq_ALL_2125_Hit2","chr2",46076796,46076814,0.98,6
"p53_chipseq_ALL_3223_Hit1","chr4",153180334,153180352,0.98,1
"p53_chipseq_ALL_1022_Hit2","chr13",51103668,51103686,0.98,1
"p53_chipseq_ALL_3911_Hit1","chr8",101500370,101500388,0.98,2
"p53_chipseq_ALL_85_Hit1","chr1",41948080,41948098,0.97,9
"p53_chipseq_ALL_601_Hit1","chr11",4485656,4485674,0.97,4
"p53_chipseq_ALL_4191_Hit1","chrX",45629414,45629432,0.97,9
"p53_chipseq_ALL_2718_Hit2","chr21",46014000,46014018,0.96,4
"p53_chipseq_ALL_1864_Hit2","chr17",80453894,80453912,0.95,3
"p53_chipseq_ALL_3133_Hit1","chr4",15002935,15002953,0.95,7
"p53_chipseq_ALL_94_Hit1","chr1",51069400,51069418,0.94,10
"p53_chipseq_ALL_3569_Hit2","chr6",133660911,133660929,0.94,6
"p53_chipseq_ALL_3769_Hit2","chr7",121151339,121151357,0.93,7
"p53_chipseq_ALL_756_Hit1","chr11",119567267,119567285,0.93,3
"p53_chipseq_ALL_4170_Hit1","chrX",4628801,4628819,0.93,1
"p53_chipseq_ALL_1424_Hit2","chr15",96887051,96887069,0.92,6
"p53_chipseq_ALL_140_Hit1","chr1",109096852,109096870,0.92,9
"p53_chipseq_ALL_1396_Hit1","chr15",84049515,84049533,0.92,7
"p53_chipseq_ALL_485_Hit1","chr10",63662775,63662793,0.91,1
"p53_chipseq_ALL_1527_Hit1","chr16",74773601,74773619,0.9,2
"p53_chipseq_ALL_559_Hit2","chr10",116391214,116391232,0.9,10
"p53_chipseq_ALL_3772_Hit1","chr7",129912390,129912408,0.88,1
"p53_chipseq_ALL_2799_Hit1","chr3",5036813,5036831,0.88,1
"p53_chipseq_ALL_1643_Hit1","chr17",38627806,38627824,0.88,2
"p53_chipseq_ALL_2325_Hit2","chr2",228331680,228331698,0.87,5
"p53_chipseq_ALL_32_Hit2","chr1",18807577,18807595,0.87,2
"p53_chipseq_ALL_2144_Hit1","chr2",64962871,64962889,0.86,4
"p53_chipseq_ALL_2030_Hit1","chr19",41724613,41724631,0.85,4
"p53_chipseq_ALL_1949_Hit2","chr19",2058673,2058691,0.85,5
"p53_chipseq_ALL_3393_Hit1","chr5",139167855,139167873,0.85,4
"p53_chipseq_ALL_1022_Hit1","chr13",51103655,51103673,0.84,3
"p53_chipseq_ALL_46_Hit2","chr1",25298958,25298976,0.84,8
"p53_chipseq_ALL_1692_Hit2","chr17",56468834,56468852,0.82,3
"p53_chipseq_ALL_1926_Hit1","chr18",53751046,53751064,0.82,2
"p53_chipseq_ALL_243_Hit1","chr1",153498788,153498806,0.82,1
"p53_chipseq_ALL_839_Hit2","chr12",57521586,57521604,0.81,9
"p53_chipseq_ALL_771_Hit2","chr12",4430793,4430811,0.81,6
"p53_chipseq_ALL_1536_Hit1","chr16",75520071,75520089,0.81,7
"p53_chipseq_ALL_3667_Hit3","chr7",51393005,51393023,0.8,10
"p53_chipseq_ALL_3431_Hit1","chr5",173311378,173311396,0.8,5
"p53_chipseq_ALL_4113_Hit2","chr9",114824589,114824607,0.8,1
"p53_chipseq_ALL_1688_Hit2","chr17",55978970,55978988,0.8,8
"p53_chipseq_ALL_3126_Hit1","chr4",5775125,5775143,0.79,4
"p53_chipseq_ALL_3202_Hit1","chr4",123698300,123698318,0.79,7
"p53_chipseq_ALL_3088_Hit2","chr3",193776310,193776328,0.79,5
"p53_chipseq_ALL_3420_Hit1","chr5",162936719,162936737,0.79,4
"p53_chipseq_ALL_1420_Hit1","chr15",93631493,93631511,0.78,7
"p53_chipseq_ALL_881_Hit1","chr12",81172034,81172052,0.77,4
"p53_chipseq_ALL_2084_Hit2","chr2",17997099,17997117,0.77,10
"p53_chipseq_ALL_979_Hit1","chr13",27845092,27845110,0.76,8
"p53_chipseq_ALL_928_Hit2","chr12",112196345,112196363,0.76,6
"p53_chipseq_ALL_2540_Hit1","chr20",52215347,52215365,0.76,6
"p53_chipseq_ALL_2435_Hit2","chr20",45981448,45981466,0.76,4
"p53_chipseq_ALL_3625_Hit1","chr7",16461588,16461606,0.75,1
"p53_chipseq_ALL_3721_Hit2","chr7",100399485,100399503,0.75,9
"p53_chipseq_ALL_643_Hit2","chr11",61465319,61465337,0.75,3
"p53_chipseq_ALL_2343_Hit3","chr20",642811,642829,0.75,4
"p53_chipseq_ALL_269_Hit1","chr1",171723706,171723724,0.74,8
"p53_chipseq_ALL_3774_Hit2","chr7",130873282,130873300,0.74,6
"p53_chipseq_ALL_3386_Hit2","chr5",138044551,138044569,0.74,3
"p53_chipseq_ALL_3839_Hit1","chr8",41676450,41676468,0.74,3
"p53_chipseq_ALL_944_Hit2","chr12",121363844,121363862,0.74,8
"p53_chipseq_ALL_2348_Hit2","chr20",3220873,3220891,0.73,10
"p53_chipseq_ALL_3962_Hit2","chr8",124624764,124624782,0.72,2
"p53_chipseq_ALL_1427_Hit1","chr15",99440418,99440436,0.72,4
"p53_chipseq_ALL_2000_Hit2","chr19",18499560,18499578,0.72,9
"p53_chipseq_ALL_1510_Hit2","chr16",68000255,68000273,0.72,7
"p53_chipseq_ALL_4053_Hit1","chr9",34072591,34072609,0.71,7
"p53_chipseq_ALL_1198_Hit1","chr14",91862565,91862583,0.71,5
"p53_chipseq_ALL_572_Hit1","chr10",125298560,125298578,0.71,1
"p53_chipseq_ALL_3554_Hit1","chr6",109218799,109218817,0.71,1
"p53_chipseq_ALL_3468_Hit2","chr6",11173168,11173186,0.7,2
"p53_chipseq_ALL_1899_Hit1","chr18",28783587,28783605,0.69,3
"p53_chipseq_ALL_1114_Hit1","chr14",61592643,61592661,0.69,7
"p53_chipseq_ALL_1522_Hit2","chr16",73074326,73074344,0.68,3
"p53_chipseq_ALL_3121_Hit1","chr4",3533485,3533503,0.68,9
"p53_chipseq_ALL_3785_Hit2","chr7",140567810,140567828,0.68,4
"p53_chipseq_ALL_510_Hit1","chr10",82230982,82231000,0.68,7
"p53_chipseq_ALL_1916_Hit2","chr18",44457532,44457550,0.68,6
"p53_chipseq_ALL_3572_Hit1","chr6",139135418,139135436,0.67,3
"p53_chipseq_ALL_2741_Hit1","chr22",29379365,29379383,0.66,6
"p53_chipseq_ALL_3572_Hit2","chr6",139135422,139135440,0.66,4
"p53_chipseq_ALL_2788_Hit2","chr22",50744408,50744426,0.66,10
"p53_chipseq_ALL_3773_Hit3","chr7",130013915,130013933,0.66,1
"p53_chipseq_ALL_632_Hit2","chr11",34707138,34707156,0.65,6
"p53_chipseq_ALL_2822_Hit1","chr3",13567723,13567741,0.65,4
"p53_chipseq_ALL_356_Hit2","chr1",205267602,205267620,0.65,2
"p53_chipseq_ALL_1634_Hit1","chr17",37203121,37203139,0.65,10
"p53_chipseq_ALL_1616_Hit2","chr17",25821635,25821653,0.65,4
"p53_chipseq_ALL_669_Hit2","chr11",65617321,65617339,0.65,5
"p53_chipseq_ALL_3684_Hit2","chr7",79780524,79780542,0.65,10
"p53_chipseq_ALL_853_Hit2","chr12",66025512,66025530,0.64,1
"p53_chipseq_ALL_2561_Hit1","chr20",52394966,52394984,0.64,7
"p53_chipseq_ALL_459_Hit1","chr10",35737690,35737708,0.64,5
"p53_chipseq_ALL_2190_Hit1","chr2",101944420,101944438,0.63,9
"p53_chipseq_ALL_1136_Hit1","chr14",68604806,68604824,0.63,3
"p53_chipseq_ALL_173_Hit2","chr1",116314590,116314608,0.63,6
"p53_chipseq_ALL_3203_Hit2","chr4",123719538,123719556,0.63,8
"p53_chipseq_ALL_1142_Hit1","chr14",70079704,70079722,0.62,2
"p53_chipseq_ALL_3108_Hit1","chr3",195863468,195863486,0.62,8
"p53_chipseq_ALL_2717_Hit2","chr21",45969118,45969136,0.62,6
"p53_chipseq_ALL_2361_Hit1","chr20",13781551,13781569,0.61,5
"p53_chipseq_ALL_3506_Hit2","chr6",36576063,36576081,0.61,3
"p53_chipseq_ALL_3517_Hit2","chr6",41736586,41736604,0.61,8
"p53_chipseq_ALL_906_Hit2","chr12",96613697,96613715,0.61,5
"p53_chipseq_ALL_3587_Hit1","chr6",152543122,152543140,0.61,8
"p53_chipseq_ALL_2356_Hit1","chr20",10646057,10646075,0.61,2
"p53_chipseq_ALL_523_Hit1","chr10",89603014,89603032,0.6,8
"p53_chipseq_ALL_1057_Hit2","chr14",23006071,23006089,0.59,5
"p53_chipseq_ALL_976_Hit2","chr13",25223830,25223848,0.59,10
"p53_chipseq_ALL_323_Hit1","chr1",201988219,201988237,0.57,9
"p53_chipseq_ALL_747_Hit2","chr11",113255514,113255532,0.56,2
"p53_chipseq_ALL_1528_Hit1","chr16",74901764,74901782,0.56,9
"p53_chipseq_ALL_4108_Hit2","chr9",110500522,110500540,0.56,5
"p53_chipseq_ALL_3871_Hit2","chr8",80036585,80036603,0.56,1
"p53_chipseq_ALL_2785_Hit1","chr22",47525692,47525710,0.56,9
"p53_chipseq_ALL_1247_Hit1","chr15",31443059,31443077,0.56,1
"p53_chipseq_ALL_3904_Hit2","chr8",96237960,96237978,0.56,1
"p53_chipseq_ALL_32_Hit1","chr1",18807603,18807621,0.56,1
"p53_chipseq_ALL_2510_Hit1","chr20",49044653,49044671,0.56,6
"p53_chipseq_ALL_2395_Hit2","chr20",36023454,36023472,0.56,10
"p53_chipseq_ALL_843_Hit2","chr12",62586848,62586866,0.55,8
"p53_chipseq_ALL_3451_Hit2","chr6",680822,680840,0.54,5
"p53_chipseq_ALL_3176_Hit2","chr4",84092330,84092348,0.54,7
"p53_chipseq_ALL_2436_Hit1","chr20",45989203,45989221,0.54,2
"p53_chipseq_ALL_995_Hit1","chr13",39092649,39092667,0.54,6
"p53_chipseq_ALL_2949_Hit1","chr3",98164857,98164875,0.53,3
"p53_chipseq_ALL_1438_Hit1","chr16",2583422,2583440,0.53,4
"p53_chipseq_ALL_3511_Hit2","chr6",38362247,38362265,0.53,9
"p53_chipseq_ALL_1513_Hit1","chr16",68309719,68309737,0.53,5
"p53_chipseq_ALL_928_Hit1","chr12",112196348,112196366,0.53,2
"p53_chipseq_ALL_244_Hit1","chr1",153540148,153540166,0.53,5
"p53_chipseq_ALL_2195_Hit1","chr2",106020882,106020900,0.52,9
"p53_chipseq_ALL_653_Hit2","chr11",62310675,62310693,0.52,9
"p53_chipseq_ALL_3567_Hit1","chr6",129674453,129674471,0.52,9
"p53_chipseq_ALL_745_Hit1","chr11",109893461,109893479,0.51,1
"p53_chipseq_ALL_2125_Hit1","chr2",46076806,46076824,0.51,5
"p53_chipseq_ALL_289_Hit2","chr1",181104281,181104299,0.51,6
"p53_chipseq_ALL_3848_Hit1","chr8",53542131,53542149,0.5,9
"p53_chipseq_ALL_3120_Hit2","chr4",3438829,3438847,0.5,10
"p53_chipseq_ALL_3042_Hit1","chr3",171510595,171510613,0.5,4
"p53_chipseq_ALL_2788_Hit1","chr22",50744429,50744447,0.5,10
"p53_chipseq_ALL_2669_Hit1","chr20",55838432,55838450,0.5,9
"p53_chipseq_ALL_2738_Hit1","chr22",28115670,28115688,0.49,8
"p53_chipseq_ALL_1454_Hit2","chr16",11591369,11591387,0.49,3
"p53_chipseq_ALL_3576_Hit1","chr6",144665405,144665423,0.49,6
"p53_chipseq_ALL_2477_Hit1","chr20",46507711,46507729,0.48,4
"p53_chipseq_ALL_567_Hit1","chr10",122264009,122264027,0.48,6
"p53_chipseq_ALL_3101_Hit2","chr3",194751920,194751938,0.48,9
"p53_chipseq_ALL_3122_Hit2","chr4",3786379,3786397,0.48,5
"p53_chipseq_ALL_3096_Hit1","chr3",194026852,194026870,0.48,9
"p53_chipseq_ALL_859_Hit1","chr12",68436038,68436056,0.48,7
"p53_chipseq_ALL_2785_Hit2","chr22",47525684,47525702,0.47,6
"p53_chipseq_ALL_3785_Hit1","chr7",140567831,140567849,0.47,8
"p53_chipseq_ALL_2592_Hit1","chr20",52726686,52726704,0.46,9
"p53_chipseq_ALL_4215_Hit1","chrX",107556409,107556427,0.46,8
"p53_chipseq_ALL_3536_Hit1","chr6",72077618,72077636,0.46,8
"p53_chipseq_ALL_176_Hit1","chr1",117421921,117421939,0.46,5
"p53_chipseq_ALL_706_Hit2","chr11",72954019,72954037,0.46,5
"p53_chipseq_ALL_1688_Hit1","chr17",55978961,55978979,0.46,2
"p53_chipseq_ALL_1908_Hit1","chr18",43373095,43373113,0.46,7
"p53_chipseq_ALL_1536_Hit2","chr16",75520079,75520097,0.45,1
"p53_chipseq_ALL_410_Hit1","chr1",234754317,234754335,0.45,9
"p53_chipseq_ALL_1876_Hit1","chr18",3652871,3652889,0.45,7
"p53_chipseq_ALL_4230_Hit1","chrX",150712407,150712425,0.45,6
"p53_chipseq_ALL_3237_Hit1","chr4",186481028,186481046,0.44,10
"p53_chipseq_ALL_847_Hit2","chr12",64916167,64916185,0.44,10
"p53_chipseq_ALL_703_Hit2","chr11",72897560,72897578,0.44,6
"p53_chipseq_ALL_2210_Hit2","chr2",119998452,119998470,0.43,9
"p53_chipseq_ALL_1143_Hit2","chr14",70180005,70180023,0.43,6
"p53_chipseq_ALL_2786_Hit1","chr22",50154115,50154133,0.42,1
"p53_chipseq_ALL_1775_Hit1","chr17",59472778,59472796,0.42,3
"p53_chipseq_ALL_1648_Hit2","chr17",39675982,39676000,0.42,10
"p53_chipseq_ALL_444_Hit1","chr10",24545134,24545152,0.42,9
"p53_chipseq_ALL_3918_Hit2","chr8",102449564,102449582,0.42,1
"p53_chipseq_ALL_3243_Hit1","chr4",189029258,189029276,0.42,3
"p53_chipseq_ALL_503_Hit2","chr10",75648849,75648867,0.41,1
"p53_chipseq_ALL_1684_Hit2","chr17",55453488,55453506,0.41,10
"p53_chipseq_ALL_1389_Hit1","chr15",80777921,80777939,0.41,7
"p53_chipseq_ALL_3223_Hit2","chr4",153180313,153180331,0.4,6
"p53_chipseq_ALL_1560_Hit1","chr16",85399080,85399098,0.4,9
"p53_chipseq_ALL_3679_Hit1","chr7",77185519,77185537,0.4,10
"p53_chipseq_ALL_2040_Hit2","chr19",45639719,45639737,0.4,2
"p53_chipseq_ALL_1619_Hit2","chr17",27070181,27070199,0.4,7
"p53_chipseq_ALL_1778_Hit1","chr17",59489654,59489672,0.4,2
"p53_chipseq_ALL_2850_Hit1","chr3",48474104,48474122,0.4,5
"p53_chipseq_ALL_1864_Hit1","chr17",80453906,80453924,0.4,2
"p53_chipseq_ALL_4024_Hit1","chr8",145031199,145031217,0.4,4
"p53_chipseq_ALL_3090_Hit2","chr3",193807602,193807620,0.39,10
"p53_chipseq_ALL_788_Hit1","chr12",19584954,19584972,0.39,9
"p53_chipseq_ALL_4159_Hit2","chr9",139445038,139445056,0.39,6
"p53_chipseq_ALL_862_Hit1","chr12",69181512,69181530,0.39,4
"p53_chipseq_ALL_4028_Hit2","chr8",145673812,145673830,0.39,8
"p53_chipseq_ALL_1657_Hit2","chr17",41949826,41949844,0.39,7
"p53_chipseq_ALL_562_Hit1","chr10",118976545,118976563,0.39,10
"p53_chipseq_ALL_296_Hit1","chr1",182931929,182931947,0.38,7
"p53_chipseq_ALL_3293_Hit1","chr5",58597847,58597865,0.38,10
"p53_chipseq_ALL_1967_Hit1","chr19",10396834,10396852,0.38,6
"p53_chipseq_ALL_1366_Hit1","chr15",71656602,71656620,0.38,6
"p53_chipseq_ALL_3934_Hit2","chr8",107620938,107620956,0.38,9
"p53_chipseq_ALL_3484_Hit2","chr6",20867099,20867117,0.38,4
"p53_chipseq_ALL_1_Hit2","chr1",1186419,1186437,0.38,10
"p53_chipseq_ALL_611_Hit1","chr11",10066293,10066311,0.37,1
"p53_chipseq_ALL_4058_Hit1","chr9",35906140,35906158,0.37,8
"p53_chipseq_ALL_2557_Hit1","chr20",52367623,52367641,0.37,4
"p53_chipseq_ALL_3993_Hit1","chr8",128911419,128911437,0.37,7
"p53_chipseq_ALL_542_Hit1","chr10",102416339,102416357,0.37,7
"p53_chipseq_ALL_2112_Hit2","chr2",38337056,38337074,0.37,6
"p53_chipseq_ALL_1121_Hit1","chr14",64527394,64527412,0.36,8
"p53_chipseq_ALL_1545_Hit1","chr16",80060975,80060993,0.36,10
"p53_chipseq_ALL_3806_Hit1","chr7",159103668,159103686,0.36,7
"p53_chipseq_ALL_2693_Hit2","chr21",27762634,27762652,0.36,10
"p53_chipseq_ALL_2159_Hit1","chr2",74753517,74753535,0.36,9
"p53_chipseq_ALL_2536_Hit2","chr20",50656947,50656965,0.36,3
"p53_chipseq_ALL_1082_Hit1","chr14",38086223,38086241,0.36,4
"p53_chipseq_ALL_65_Hit1","chr1",32253842,32253860,0.36,6
"p53_chipseq_ALL_3493_Hit2","chr6",26687204,26687222,0.35,10
"p53_chipseq_ALL_701_Hit1","chr11",72542941,72542959,0.35,5
"p53_chipseq_ALL_1456_Hit1","chr16",12632550,12632568,0.35,4
"p53_chipseq_ALL_3428_Hit2","chr5",172719589,172719607,0.35,10
"p53_chipseq_ALL_516_Hit1","chr10",85743589,85743607,0.35,2
"p53_chipseq_ALL_1254_Hit2","chr15",36298243,36298261,0.35,8
"p53_chipseq_ALL_2289_Hit2","chr2",192623781,192623799,0.34,8
"p53_chipseq_ALL_2327_Hit2","chr2",232477395,232477413,0.34,1
"p53_chipseq_ALL_3233_Hit1","chr4",173903628,173903646,0.34,10
"p53_chipseq_ALL_2513_Hit1","chr20",49292156,49292174,0.34,2
"p53_chipseq_ALL_1557_Hit2","chr16",85186456,85186474,0.34,5
"p53_chipseq_ALL_3243_Hit2","chr4",189029248,189029266,0.34,7
"p53_chipseq_ALL_2410_Hit2","chr20",43307058,43307076,0.33,10
"p53_chipseq_ALL_1023_Hit1","chr13",51305749,51305767,0.33,3
"p53_chipseq_ALL_2561_Hit2","chr20",52394956,52394974,0.33,2
"p53_chipseq_ALL_2758_Hit1","chr22",38180962,38180980,0.33,6
"p53_chipseq_ALL_556_Hit2","chr10",111977178,111977196,0.33,4
"p53_chipseq_ALL_3169_Hit2","chr4",77703243,77703261,0.33,6
"p53_chipseq_ALL_51_Hit2","chr1",27830805,27830823,0.33,10
"p53_chipseq_ALL_434_Hit1","chr10",13800545,13800563,0.32,6
"p53_chipseq_ALL_4151_Hit1","chr9",136746424,136746442,0.32,7
"p53_chipseq_ALL_2858_Hit1","chr3",53304088,53304106,0.32,5
"p53_chipseq_ALL_2732_Hit2","chr22",19862168,19862186,0.32,2
"p53_chipseq_ALL_1441_Hit2","chr16",3150417,3150435,0.31,3
"p53_chipseq_ALL_927_Hit2","chr12",111838049,111838067,0.31,1
"p53_chipseq_ALL_1432_Hit2","chr16",1133230,1133248,0.31,10
"p53_chipseq_ALL_2019_Hit1","chr19",38470618,38470636,0.31,6
"p53_chipseq_ALL_1296_Hit1","chr15",52043581,52043599,0.31,6
"p53_chipseq_ALL_4027_Hit1","chr8",145597074,145597092,0.31,2
"p53_chipseq_ALL_3586_Hit2","chr6",152086787,152086805,0.31,4
"p53_chipseq_ALL_501_Hit1","chr10",74091828,74091846,0.31,1
"p53_chipseq_ALL_35_Hit1","chr1",22282512,22282530,0.3,5
"p53_chipseq_ALL_3802_Hit2","chr7",155653711,155653729,0.3,5
"p53_chipseq_ALL_3045_Hit2","chr3",172235047,172235065,0.3,9
"p53_chipseq_ALL_4165_Hit4","chr9",140120569,140120587,0.3,2
"p53_chipseq_ALL_76_Hit2","chr1",38513660,38513678,0.3,9
"p53_chipseq_ALL_3478_Hit1","chr6",18387437,18387455,0.3,8
"p53_chipseq_ALL_1998_Hit1","chr19",18484757,18484775,0.3,8
"p53_chipseq_ALL_2450_Hit1","chr20",46122546,46122564,0.3,10
"p53_chipseq_ALL_2000_Hit1","chr19",18499554,18499572,0.29,7
"p53_chipseq_ALL_2171_Hit2","chr2",88838012,88838030,0.29,8
"p53_chipseq_ALL_898_Hit1","chr12",93367592,93367610,0.29,1
"p53_chipseq_ALL_1444_Hit2","chr16",4190870,4190888,0.29,6
"p53_chipseq_ALL_1738_Hit1","chr17",58434198,58434216,0.29,5
"p53_chipseq_ALL_559_Hit1","chr10",116391234,116391252,0.29,2
"p53_chipseq_ALL_470_Hit2","chr10",49459791,49459809,0.29,7
"p53_chipseq_ALL_2268_Hit1","chr2",172287719,172287737,0.29,3
"p53_chipseq_ALL_3579_Hit2","chr6",149207287,149207305,0.29,8
"p53_chipseq_ALL_1095_Hit2","chr14",51422156,51422174,0.28,10
"p53_chipseq_ALL_3468_Hit1","chr6",11173195,11173213,0.28,6
"p53_chipseq_ALL_4165_Hit1","chr9",140120571,140120589,0.28,2
"p53_chipseq_ALL_3646_Hit1","chr7",30591156,30591174,0.28,6
"p53_chipseq_ALL_3739_Hit1","chr7",105712912,105712930,0.28,7
"p53_chipseq_ALL_1367_Hit1","chr15",71740197,71740215,0.28,1
"p53_chipseq_ALL_1018_Hit1","chr13",48730779,48730797,0.28,2
"p53_chipseq_ALL_2814_Hit1","chr3",11812389,11812407,0.28,5
"p53_chipseq_ALL_2410_Hit1","chr20",43307071,43307089,0.27,2
"p53_chipseq_ALL_433_Hit1","chr10",13728009,13728027,0.27,4
"p53_chipseq_ALL_2771_Hit1","chr22",43164567,43164585,0.27,3
"p53_chipseq_ALL_3774_Hit1","chr7",130873278,130873296,0.27,9
"p53_chipseq_ALL_1619_Hit1","chr17",27070175,27070193,0.27,5
"p53_chipseq_ALL_756_Hit2","chr11",119567273,119567291,0.27,6
"p53_chipseq_ALL_50_Hit1","chr1",27669577,27669595,0.27,10
"p53_chipseq_ALL_381_Hit1","chr1",214612971,214612989,0.27,3
"p53_chipseq_ALL_51_Hit1","chr1",27830799,27830817,0.26,8
"p53_chipseq_ALL_592_Hit1","chr11",707027,707045,0.26,3
"p53_chipseq_ALL_1853_Hit2","chr17",74547345,74547363,0.26,10
"p53_chipseq_ALL_4024_Hit2","chr8",145031178,145031196,0.26,8
"p53_chipseq_ALL_3834_Hit1","chr8",32490924,32490942,0.26,1
"p53_chipseq_ALL_392_Hit1","chr1",223895974,223895992,0.25,9
"p53_chipseq_ALL_3739_Hit2","chr7",105712908,105712926,0.25,2
"p53_chipseq_ALL_3490_Hit1","chr6",25449563,25449581,0.25,5
"p53_chipseq_ALL_3149_Hit1","chr4",40516916,40516934,0.25,7
"p53_chipseq_ALL_3150_Hit2","chr4",41146997,41147015,0.24,9
"p53_chipseq_ALL_258_Hit1","chr1",156711114,156711132,0.24,6
"p53_chipseq_ALL_3795_Hit2","chr7",151385353,151385371,0.24,6
"p53_chipseq_ALL_3090_Hit3","chr3",193807589,193807607,0.24,3
"p53_chipseq_ALL_3623_Hit1","chr7",12597223,12597241,0.24,8
"p53_chipseq_ALL_45_Hit1","chr1",24646193,24646211,0.24,7
"p53_chipseq_ALL_3216_Hit1","chr4",140164769,140164787,0.24,7
"p53_chipseq_ALL_831_Hit2","chr12",53364015,53364033,0.23,10
"p53_chipseq_ALL_2718_Hit1","chr21",46014010,46014028,0.23,10
"p53_chipseq_ALL_43_Hit1","chr1",23919283,23919301,0.23,9
"p53_chipseq_ALL_2411_Hit1","chr20",43968034,43968052,0.23,3
"p53_chipseq_ALL_3923_Hit1","chr8",103249079,103249097,0.23,9
"p53_chipseq_ALL_2258_Hit2","chr2",161934725,161934743,0.22,6
"p53_chipseq_ALL_859_Hit2","chr12",68436029,68436047,0.22,1
"p53_chipseq_ALL_1545_Hit2","chr16",80060967,80060985,0.22,8
"p53_chipseq_ALL_3428_Hit1","chr5",172719599,172719617,0.22,2
"p53_chipseq_ALL_771_Hit1","chr12",4430783,4430801,0.22,8
"p53_chipseq_ALL_3684_Hit1","chr7",79780519,79780537,0.22,10
"p53_chipseq_ALL_4113_Hit1","chr9",114824579,114824597,0.22,7
"p53_chipseq_ALL_285_Hit1","chr1",181068879,181068897,0.21,6
"p53_chipseq_ALL_4152_Hit2","chr9",136753586,136753604,0.21,6
"p53_chipseq_ALL_2509_Hit1","chr20",48988769,48988787,0.21,1
"p53_chipseq_ALL_3493_Hit1","chr6",26687210,26687228,0.21,5
"p53_chipseq_ALL_3023_Hit3","chr3",151555099,151555117,0.21,4
"p53_chipseq_ALL_2153_Hit2","chr2",73121341,73121359,0.21,10
"p53_chipseq_ALL_2513_Hit2","chr20",49292152,49292170,0.21,10
"p53_chipseq_ALL_2105_Hit1","chr2",37856827,37856845,0.21,2
"p53_chipseq_ALL_174_Hit2","chr1",116382041,116382059,0.2,6
"p53_chipseq_ALL_3544_Hit1","chr6",84792559,84792577,0.2,4
"p53_chipseq_ALL_2041_Hit2","chr19",46135867,46135885,0.2,7
"p53_chipseq_ALL_2356_Hit2","chr20",10646066,10646084,0.19,2
"p53_chipseq_ALL_1417_Hit1","chr15",93345653,93345671,0.19,5
"p53_chipseq_ALL_2840_Hit1","chr3",37011453,37011471,0.19,9
"p53_chipseq_ALL_2019_Hit2","chr19",38470634,38470652,0.19,8
"p53_chipseq_ALL_2357_Hit1","chr20",10648571,10648589,0.19,10
"p53_chipseq_ALL_1522_Hit1","chr16",73074337,73074355,0.19,5
"p53_chipseq_ALL_4191_Hit2","chrX",45629404,45629422,0.19,7
"p53_chipseq_ALL_3505_Hit1","chr6",35309978,35309996,0.19,4
"p53_chipseq_ALL_470_Hit1","chr10",49459779,49459797,0.18,5
"p53_chipseq_ALL_1964_Hit1","chr19",9150538,9150556,0.18,6
"p53_chipseq_ALL_404_Hit1","chr1",233088804,233088822,0.18,5
"p53_chipseq_ALL_517_Hit1","chr10",86284972,86284990,0.18,9
"p53_chipseq_ALL_52_Hit2","chr1",27869574,27869592,0.18,5
"p53_chipseq_ALL_1045_Hit2","chr13",109572207,109572225,0.17,1
"p53_chipseq_ALL_4159_Hit1","chr9",139445046,139445064,0.17,4
"p53_chipseq_ALL_2143_Hit1","chr2",64957904,64957922,0.17,9
"p53_chipseq_ALL_3914_Hit1","chr8",102064018,102064036,0.17,5
"p53_chipseq_ALL_1319_Hit2","chr15",53002116,53002134,0.17,4
"p53_chipseq_ALL_1946_Hit1","chr19",933558,933576,0.17,7
"p53_chipseq_ALL_1513_Hit2","chr16",68309713,68309731,0.17,7
"p53_chipseq_ALL_1204_Hit2","chr14",93602450,93602468,0.16,4
"p53_chipseq_ALL_3925_Hit1","chr8",103439406,103439424,0.16,7
"p53_chipseq_ALL_334_Hit1","chr1",203275810,203275828,0.16,8
"p53_chipseq_ALL_975_Hit2","chr13",23973617,23973635,0.16,10
"p53_chipseq_ALL_3338_Hit2","chr5",106904128,106904146,0.16,5
"p53_chipseq_ALL_2786_Hit2","chr22",50154125,50154143,0.16,6
"p53_chipseq_ALL_1156_Hit1","chr14",74190715,74190733,0.15,8
"p53_chipseq_ALL_520_Hit1","chr10",88728304,88728322,0.15,4
"p53_chipseq_ALL_376_Hit1","chr1",209557367,209557385,0.15,3
"p53_chipseq_ALL_2289_Hit1","chr2",192623766,192623784,0.15,5
"p53_chipseq_ALL_3478_Hit2","chr6",18387410,18387428,0.15,6
"p53_chipseq_ALL_3540_Hit1","chr6",80254964,80254982,0.15,1
"p53_chipseq_ALL_853_Hit1","chr12",66025511,66025529,0.15,3
"p53_chipseq_ALL_3035_Hit1","chr3",167097957,167097975,0.14,7
"p53_chipseq_ALL_3158_Hit1","chr4",57947625,57947643,0.14,6
"p53_chipseq_ALL_2510_Hit2","chr20",49044664,49044682,0.14,2
"p53_chipseq_ALL_280_Hit2","chr1",180491323,180491341,0.14,4
"p53_chipseq_ALL_2842_Hit1","chr3",42865045,42865063,0.14,7
"p53_chipseq_ALL_3580_Hit1","chr6",149401108,149401126,0.14,6
"p53_chipseq_ALL_2859_Hit1","chr3",56818091,56818109,0.14,7
"p53_chipseq_ALL_2041_Hit1","chr19",46135857,46135875,0.14,10
"p53_chipseq_ALL_3067_Hit1","chr3",186194198,186194216,0.14,10
"p53_chipseq_ALL_3277_Hit1","chr5",43427558,43427576,0.14,8
"p53_chipseq_ALL_3401_Hit2","chr5",142580462,142580480,0.13,7
"p53_chipseq_ALL_92_Hit1","chr1",46649060,46649078,0.13,7
"p53_chipseq_ALL_38_Hit1","chr1",22369847,22369865,0.13,5
"p53_chipseq_ALL_427_Hit1","chr10",9867558,9867576,0.13,3
"p53_chipseq_ALL_3581_Hit1","chr6",149657907,149657925,0.12,8
"p53_chipseq_ALL_1354_Hit1","chr15",68564404,68564422,0.12,3
"p53_chipseq_ALL_181_Hit2","chr1",144010840,144010858,0.12,6
"p53_chipseq_ALL_551_Hit1","chr10",105660219,105660237,0.12,1
"p53_chipseq_ALL_2745_Hit1","chr22",30641868,30641886,0.12,3
"p53_chipseq_ALL_2078_Hit1","chr2",11672729,11672747,0.12,6
"p53_chipseq_ALL_597_Hit1","chr11",1852081,1852099,0.12,3
"p53_chipseq_ALL_1683_Hit1","chr17",55447564,55447582,0.11,1
"p53_chipseq_ALL_3510_Hit2","chr6",37212764,37212782,0.11,9
"p53_chipseq_ALL_510_Hit2","chr10",82230985,82231003,0.11,3
"p53_chipseq_ALL_1929_Hit2","chr18",56436066,56436084,0.11,4
"p53_chipseq_ALL_2203_Hit1","chr2",113450324,113450342,0.11,1
"p53_chipseq_ALL_4195_Hit1","chrX",47675445,47675463,0.11,8
"p53_chipseq_ALL_1470_Hit2","chr16",24393262,24393280,0.11,9
"p53_chipseq_ALL_2348_Hit1","chr20",3220893,3220911,0.11,8
"p53_chipseq_ALL_1527_Hit2","chr16",74773575,74773593,0.11,10
"p53_chipseq_ALL_3320_Hit2","chr5",82768277,82768295,0.11,5
"p53_chipseq_ALL_1116_Hit1","chr14",63159040,63159058,0.11,6
"p53_chipseq_ALL_3032_Hit2","chr3",159599762,159599780,0.1,3
"p53_chipseq_ALL_85_Hit2","chr1",41948092,41948110,0.1,9
"p53_chipseq_ALL_3095_Hit2","chr3",193922636,193922654,0.1,9
"p53_chipseq_ALL_1993_Hit1","chr19",18204353,18204371,0.1,8
"p53_chipseq_ALL_862_Hit2","chr12",69181491,69181509,0.1,3
"p53_chipseq_ALL_3826_Hit1","chr8",22960804,22960822,0.1,3
"p53_chipseq_ALL_1098_Hit1","chr14",51862221,51862239,0.1,5
"p53_chipseq_ALL_4206_Hit1","chrX",93655727,93655745,0.09,1
"p53_chipseq_ALL_595_Hit1","chr11",1073758,1073776,0.09,10
"p53_chipseq_ALL_1557_Hit1","chr16",85186442,85186460,0.09,8
"p53_chipseq_ALL_3586_Hit1","chr6",152086807,152086825,0.08,6
"p53_chipseq_ALL_2157_Hit1","chr2",74415548,74415566,0.08,3
"p53_chipseq_ALL_1411_Hit3","chr15",90501513,90501531,0.08,10
"p53_chipseq_ALL_3562_Hit1","chr6",116673943,116673961,0.08,10
"p53_chipseq_ALL_428_Hit2","chr10",11059465,11059483,0.08,7
"p53_chipseq_ALL_665_Hit2","chr11",65188802,65188820,0.07,2
"p53_chipseq_ALL_3457_Hit1","chr6",4384237,4384255,0.07,9
"p53_chipseq_ALL_1609_Hit1","chr17",15867247,15867265,0.07,8
"p53_chipseq_ALL_3201_Hit1","chr4",123524596,123524614,0.07,7
"p53_chipseq_ALL_53_Hit1","chr1",28568542,28568560,0.07,7
"p53_chipseq_ALL_380_Hit1","chr1",212769895,212769913,0.07,9
"p53_chipseq_ALL_47_Hit1","chr1",26075176,26075194,0.07,3
"p53_chipseq_ALL_3395_Hit1","chr5",140098240,140098258,0.06,1
"p53_chipseq_ALL_653_Hit1","chr11",62310686,62310704,0.06,7
"p53_chipseq_ALL_1969_Hit1","chr19",11435126,11435144,0.06,7
"p53_chipseq_ALL_975_Hit1","chr13",23973607,23973625,0.06,1
"p53_chipseq_ALL_612_Hit1","chr11",12087677,12087695,0.06,5
"p53_chipseq_ALL_3904_Hit1","chr8",96237975,96237993,0.06,10
"p53_chipseq_ALL_822_Hit1","chr12",52569965,52569983,0.06,9
"p53_chipseq_ALL_2380_Hit1","chr20",30266574,30266592,0.06,1
"p53_chipseq_ALL_4174_Hit1","chrX",15493432,15493450,0.06,9
"p53_chipseq_ALL_906_Hit1","chr12",96613702,96613720,0.06,1
"p53_chipseq_ALL_2509_Hit2","chr20",48988788,48988806,0.05,10
"p53_chipseq_ALL_1454_Hit1","chr16",11591395,11591413,0.05,3
"p53_chipseq_ALL_2435_Hit5","chr20",45981438,45981456,0.05,1
"p53_chipseq_ALL_646_Hit2","chr11",61739006,61739024,0.05,4
"p53_chipseq_ALL_843_Hit1","chr12",62586860,62586878,0.05,6
"p53_chipseq_ALL_334_Hit2","chr1",203275817,203275835,0.05,2
"p53_chipseq_ALL_473_Hit2","chr10",49684606,49684624,0.05,1
"p53_chipseq_ALL_7_Hit1","chr1",6474757,6474775,0.05,3
"p53_chipseq_ALL_2861_Hit1","chr3",58860233,58860251,0.05,7
"p53_chipseq_ALL_1071_Hit1","chr14",35683736,35683754,0.05,7
"p53_chipseq_ALL_2302_Hit1","chr2",207095223,207095241,0.05,4
"p53_chipseq_ALL_3831_Hit1","chr8",29628132,29628150,0.05,2
"p53_chipseq_ALL_4215_Hit2","chrX",107556422,107556440,0.05,2
"p53_chipseq_ALL_1204_Hit1","chr14",93602453,93602471,0.04,5
"p53_chipseq_ALL_1775_Hit2","chr17",59472773,59472791,0.04,9
"p53_chipseq_ALL_2669_Hit2","chr20",55838443,55838461,0.04,2
"p53_chipseq_ALL_3614_Hit2","chr7",5469006,5469024,0.04,7
"p53_chipseq_ALL_3060_Hit1","chr3",184243728,184243746,0.04,3
"p53_chipseq_ALL_3431_Hit2","chr5",173311390,173311408,0.04,9
"p53_chipseq_ALL_3338_Hit1","chr5",106904138,106904156,0.04,4
"p53_chipseq_ALL_1921_Hit1","chr18",46375068,46375086,0.03,7
"p53_chipseq_ALL_594_Hit2","chr11",827679,827697,0.03,8
"p53_chipseq_ALL_3088_Hit1","chr3",193776298,193776316,0.03,3
"p53_chipseq_ALL_785_Hit1","chr12",13252931,13252949,0.03,7
"p53_chipseq_ALL_1145_Hit1","chr14",70466234,70466252,0.03,2
"p53_chipseq_ALL_595_Hit2","chr11",1073767,1073785,0.03,9
"p53_chipseq_ALL_2138_Hit1","chr2",55240163,55240181,0.03,7
"p53_chipseq_ALL_1616_Hit1","chr17",25821640,25821658,0.03,4
"p53_chipseq_ALL_3320_Hit1","chr5",82768267,82768285,0.02,4
"p53_chipseq_ALL_1565_Hit1","chr16",85645530,85645548,0.02,1
"p53_chipseq_ALL_52_Hit1","chr1",27869568,27869586,0.02,7
"p53_chipseq_ALL_1411_Hit1","chr15",90501496,90501514,0.02,10
"p53_chipseq_ALL_2556_Hit2","chr20",52353236,52353254,0.02,4
"p53_chipseq_ALL_2686_Hit1","chr21",17935981,17935999,0.01,9
"p53_chipseq_ALL_1577_Hit2","chr16",87887213,87887231,0.01,1
"p53_chipseq_ALL_2116_Hit1","chr2",38918175,38918193,0.01,10
"p53_chipseq_ALL_751_Hit1","chr11",118024066,118024084,0.01,5
"p53_chipseq_ALL_3569_Hit1","chr6",133660922,133660940,0.01,3
"p53_chipseq_ALL_706_Hit1","chr11",72954011,72954029,0.01,6
"p53_chipseq_ALL_3758_Hit1","chr7",112422722,112422740,0.01,10
"p53_chipseq_ALL_3772_Hit2","chr7",129912399,129912417,0,1
"p53_chipseq_ALL_1498_Hit1","chr16",53075780,53075798,0,8
"p53_chipseq_ALL_3457_Hit2","chr6",4384248,4384266,0,8
"p53_chipseq_ALL_1997_Hit1","chr19",18475809,18475827,0,5
"p53_chipseq_ALL_1848_Hit1","chr17",72754851,72754869,0,4
"p53_chipseq_ALL_1424_Hit1","chr15",96887059,96887077,-0.01,6
"p53_chipseq_ALL_1709_Hit1","chr17",56989544,56989562,-0.01,6
"p53_chipseq_ALL_1848_Hit2","chr17",72754860,72754878,-0.01,3
"p53_chipseq_ALL_1577_Hit1","chr16",87887234,87887252,-0.01,1
"p53_chipseq_ALL_1095_Hit1","chr14",51422172,51422190,-0.02,8
"p53_chipseq_ALL_1051_Hit1","chr13",114540406,114540424,-0.02,7
"p53_chipseq_ALL_3973_Hit1","chr8",126201706,126201724,-0.02,1
"p53_chipseq_ALL_1987_Hit1","chr19",16844990,16845008,-0.02,10
"p53_chipseq_ALL_55_Hit2","chr1",28678978,28678996,-0.02,7
"p53_chipseq_ALL_2939_Hit2","chr3",72226660,72226678,-0.02,10
"p53_chipseq_ALL_390_Hit1","chr1",220509894,220509912,-0.03,4
"p53_chipseq_ALL_3358_Hit1","chr5",118659556,118659574,-0.03,4
"p53_chipseq_ALL_551_Hit2","chr10",105660233,105660251,-0.03,2
"p53_chipseq_ALL_3324_Hit2","chr5",93013320,93013338,-0.03,10
"p53_chipseq_ALL_2729_Hit2","chr22",18917220,18917238,-0.03,1
"p53_chipseq_ALL_2822_Hit2","chr3",13567709,13567727,-0.04,5
"p53_chipseq_ALL_4106_Hit2","chr9",110011606,110011624,-0.04,7
"p53_chipseq_ALL_3311_Hit1","chr5",76146518,76146536,-0.05,5
"p53_chipseq_ALL_1499_Hit1","chr16",53086592,53086610,-0.05,4
"p53_chipseq_ALL_2946_Hit1","chr3",87382890,87382908,-0.05,3
"p53_chipseq_ALL_1565_Hit2","chr16",85645535,85645553,-0.05,9
"p53_chipseq_ALL_780_Hit1","chr12",10063861,10063879,-0.06,8
"p53_chipseq_ALL_1717_Hit1","chr17",57923922,57923940,-0.06,1
"p53_chipseq_ALL_1526_Hit1","chr16",74763991,74764009,-0.06,9
"p53_chipseq_ALL_659_Hit1","chr11",63559124,63559142,-0.06,4
"p53_chipseq_ALL_1296_Hit2","chr15",52043589,52043607,-0.06,5
"p53_chipseq_ALL_1709_Hit2","chr17",56989534,56989552,-0.06,2
"p53_chipseq_ALL_3940_Hit2","chr8",116850656,116850674,-0.07,6
"p53_chipseq_ALL_593_Hit1","chr11",804416,804434,-0.07,9
"p53_chipseq_ALL_3216_Hit2","chr4",140164774,140164792,-0.07,10
"p53_chipseq_ALL_69_Hit2","chr1",33190246,33190264,-0.07,1
"p53_chipseq_ALL_944_Hit1","chr12",121363860,121363878,-0.08,7
"p53_chipseq_ALL_2325_Hit1","chr2",228331689,228331707,-0.08,4
"p53_chipseq_ALL_1684_Hit1","chr17",55453492,55453510,-0.08,10
"p53_chipseq_ALL_1163_Hit1","chr14",75688671,75688689,-0.08,4
"p53_chipseq_ALL_76_Hit1","chr1",38513671,38513689,-0.08,2
"p53_chipseq_ALL_46_Hit1","chr1",25298968,25298986,-0.08,6
"p53_chipseq_ALL_952_Hit2","chr12",124610185,124610203,-0.08,2
"p53_chipseq_ALL_572_Hit2","chr10",125298572,125298590,-0.09,1
"p53_chipseq_ALL_2210_Hit1","chr2",119998482,119998500,-0.09,9
"p53_chipseq_ALL_833_Hit1","chr12",53892645,53892663,-0.09,7
"p53_chipseq_ALL_3233_Hit2","chr4",173903602,173903620,-0.09,4
"p53_chipseq_ALL_1190_Hit2","chr14",89895317,89895335,-0.09,8
"p53_chipseq_ALL_1510_Hit1","chr16",68000266,68000284,-0.1,1
"p53_chipseq_ALL_1120_Hit1","chr14",64240434,64240452,-0.1,2
"p53_chipseq_ALL_2191_Hit1","chr2",102320667,102320685,-0.1,1
"p53_chipseq_ALL_434_Hit2","chr10",13800525,13800543,-0.1,8
"p53_chipseq_ALL_606_Hit2","chr11",8854397,8854415,-0.1,6
"p53_chipseq_ALL_362_Hit2","chr1",206298344,206298362,-0.11,8
"p53_chipseq_ALL_1598_Hit1","chr17",6558659,6558677,-0.11,7
"p53_chipseq_ALL_1717_Hit2","chr17",57923911,57923929,-0.11,2
"p53_chipseq_ALL_142_Hit2","chr1",109740790,109740808,-0.11,4
"p53_chipseq_ALL_3826_Hit2","chr8",22960814,22960832,-0.11,10
"p53_chipseq_ALL_3963_Hit2","chr8",124732534,124732552,-0.11,6
"p53_chipseq_ALL_433_Hit2","chr10",13728014,13728032,-0.11,3
"p53_chipseq_ALL_3518_Hit1","chr6",41814460,41814478,-0.11,2
"p53_chipseq_ALL_437_Hit1","chr10",15166067,15166085,-0.11,3
"p53_chipseq_ALL_3203_Hit1","chr4",123719547,123719565,-0.12,3
"p53_chipseq_ALL_2840_Hit2","chr3",37011458,37011476,-0.12,1
"p53_chipseq_ALL_3169_Hit1","chr4",77703245,77703263,-0.12,5
"p53_chipseq_ALL_3205_Hit2","chr4",124476653,124476671,-0.12,6
"p53_chipseq_ALL_1852_Hit2","chr17",74128808,74128826,-0.12,2
"p53_chipseq_ALL_3721_Hit1","chr7",100399474,100399492,-0.13,3
"p53_chipseq_ALL_1004_Hit1","chr13",41976847,41976865,-0.13,10
"p53_chipseq_ALL_605_Hit1","chr11",7621661,7621679,-0.13,5
"p53_chipseq_ALL_2106_Hit2","chr2",37881421,37881439,-0.13,4
"p53_chipseq_ALL_3290_Hit2","chr5",57131221,57131239,-0.13,1
"p53_chipseq_ALL_4152_Hit1","chr9",136753612,136753630,-0.13,3
"p53_chipseq_ALL_3510_Hit1","chr6",37212752,37212770,-0.14,8
"p53_chipseq_ALL_2949_Hit2","chr3",98164845,98164863,-0.14,3
"p53_chipseq_ALL_404_Hit2","chr1",233088811,233088829,-0.14,3
"p53_chipseq_ALL_2771_Hit2","chr22",43164557,43164575,-0.14,3
"p53_chipseq_ALL_387_Hit2","chr1",218633357,218633375,-0.14,5
"p53_chipseq_ALL_3032_Hit1","chr3",159599750,159599768,-0.14,8
"p53_chipseq_ALL_3540_Hit2","chr6",80254972,80254990,-0.15,2
"p53_chipseq_ALL_294_Hit2","chr1",182613049,182613067,-0.15,3
"p53_chipseq_ALL_280_Hit1","chr1",180491310,180491328,-0.15,3
"p53_chipseq_ALL_3973_Hit2","chr8",126201675,126201693,-0.15,2
"p53_chipseq_ALL_4149_Hit2","chr9",136009170,136009188,-0.15,5
"p53_chipseq_ALL_3292_Hit2","chr5",57758092,57758110,-0.15,8
"p53_chipseq_ALL_2750_Hit1","chr22",31650138,31650156,-0.15,5
"p53_chipseq_ALL_1055_Hit1","chr14",21288691,21288709,-0.15,3
"p53_chipseq_ALL_1921_Hit2","chr18",46375078,46375096,-0.15,2
"p53_chipseq_ALL_2153_Hit1","chr2",73121350,73121368,-0.16,10
"p53_chipseq_ALL_1349_Hit2","chr15",67341109,67341127,-0.16,8
"p53_chipseq_ALL_1842_Hit1","chr17",67603511,67603529,-0.17,2
"p53_chipseq_ALL_3730_Hit1","chr7",102714982,102715000,-0.17,1
"p53_chipseq_ALL_3364_Hit1","chr5",125704215,125704233,-0.17,8
"p53_chipseq_ALL_1319_Hit1","chr15",53002125,53002143,-0.17,8
"p53_chipseq_ALL_4090_Hit1","chr9",95750628,95750646,-0.17,1
"p53_chipseq_ALL_556_Hit1","chr10",111977187,111977205,-0.17,1
"p53_chipseq_ALL_526_Hit1","chr10",90751067,90751085,-0.17,2
"p53_chipseq_ALL_3730_Hit2","chr7",102714991,102715009,-0.18,3
"p53_chipseq_ALL_2540_Hit2","chr20",52215351,52215369,-0.18,3
"p53_chipseq_ALL_3800_Hit1","chr7",155275083,155275101,-0.18,8
"p53_chipseq_ALL_2264_Hit1","chr2",171078365,171078383,-0.18,10
"p53_chipseq_ALL_1718_Hit1","chr17",57930505,57930523,-0.18,2
"p53_chipseq_ALL_2526_Hit2","chr20",49383567,49383585,-0.19,1
"p53_chipseq_ALL_3237_Hit2","chr4",186481023,186481041,-0.19,8
"p53_chipseq_ALL_3976_Hit1","chr8",127464450,127464468,-0.19,5
"p53_chipseq_ALL_1298_Hit1","chr15",52121575,52121593,-0.2,6
"p53_chipseq_ALL_1926_Hit2","chr18",53751025,53751043,-0.2,7
"p53_chipseq_ALL_1123_Hit1","chr14",65147159,65147177,-0.2,5
"p53_chipseq_ALL_7_Hit2","chr1",6474737,6474755,-0.2,9
"p53_chipseq_ALL_3131_Hit2","chr4",8065603,8065621,-0.21,6
"p53_chipseq_ALL_1458_Hit2","chr16",14400994,14401012,-0.21,9
"p53_chipseq_ALL_2427_Hit1","chr20",45902133,45902151,-0.21,1
"p53_chipseq_ALL_3149_Hit2","chr4",40516907,40516925,-0.21,2
"p53_chipseq_ALL_2980_Hit1","chr3",127814257,127814275,-0.21,6
"p53_chipseq_ALL_788_Hit2","chr12",19584945,19584963,-0.21,10
"p53_chipseq_ALL_3587_Hit2","chr6",152543131,152543149,-0.21,1
"p53_chipseq_ALL_3110_Hit2","chr3",196047116,196047134,-0.21,7
"p53_chipseq_ALL_2399_Hit1","chr20",39619406,39619424,-0.21,7
"p53_chipseq_ALL_2312_Hit1","chr2",219159804,219159822,-0.22,9
"p53_chipseq_ALL_4149_Hit1","chr9",136009190,136009208,-0.22,7
"p53_chipseq_ALL_1465_Hit1","chr16",20877282,20877300,-0.22,7
"p53_chipseq_ALL_1299_Hit1","chr15",52156875,52156893,-0.22,4
"p53_chipseq_ALL_1853_Hit1","chr17",74547360,74547378,-0.22,5
"p53_chipseq_ALL_1121_Hit2","chr14",64527386,64527404,-0.22,2
"p53_chipseq_ALL_2157_Hit2","chr2",74415542,74415560,-0.22,1
"p53_chipseq_ALL_927_Hit1","chr12",111838058,111838076,-0.22,4
"p53_chipseq_ALL_1386_Hit2","chr15",80295676,80295694,-0.23,3
"p53_chipseq_ALL_3316_Hit1","chr5",79763253,79763271,-0.23,5
"p53_chipseq_ALL_628_Hit1","chr11",34207888,34207906,-0.23,2
"p53_chipseq_ALL_1499_Hit2","chr16",53086587,53086605,-0.24,7
"p53_chipseq_ALL_167_Hit1","chr1",115153392,115153410,-0.24,8
"p53_chipseq_ALL_3805_Hit1","chr7",158611635,158611653,-0.24,1
"p53_chipseq_ALL_3292_Hit1","chr5",57758113,57758131,-0.24,3
"p53_chipseq_ALL_1143_Hit1","chr14",70180025,70180043,-0.24,10
"p53_chipseq_ALL_520_Hit2","chr10",88728302,88728320,-0.25,8
"p53_chipseq_ALL_3402_Hit1","chr5",142974615,142974633,-0.25,10
"p53_chipseq_ALL_499_Hit1","chr10",74058137,74058155,-0.25,9
"p53_chipseq_ALL_2096_Hit2","chr2",27388349,27388367,-0.25,3
"p53_chipseq_ALL_1656_Hit1","chr17",41917244,41917262,-0.25,3
"p53_chipseq_ALL_3475_Hit1","chr6",18028687,18028705,-0.25,2
"p53_chipseq_ALL_4087_Hit1","chr9",95075326,95075344,-0.25,9
"p53_chipseq_ALL_534_Hit2","chr10",97054982,97055000,-0.25,5
"p53_chipseq_ALL_2042_Hit2","chr19",46636833,46636851,-0.25,9
"p53_chipseq_ALL_3485_Hit1","chr6",21188915,21188933,-0.26,2
"p53_chipseq_ALL_3562_Hit2","chr6",116673946,116673964,-0.26,2
"p53_chipseq_ALL_2997_Hit1","chr3",137051303,137051321,-0.26,3
"p53_chipseq_ALL_3667_Hit1","chr7",51393018,51393036,-0.26,10
"p53_chipseq_ALL_3219_Hit1","chr4",146429102,146429120,-0.26,3
"p53_chipseq_ALL_1645_Hit1","chr17",38703934,38703952,-0.26,8
"p53_chipseq_ALL_2065_Hit1","chr19",53798531,53798549,-0.26,4
"p53_chipseq_ALL_4133_Hit1","chr9",127580518,127580536,-0.26,7
"p53_chipseq_ALL_594_Hit1","chr11",827675,827693,-0.26,9
"p53_chipseq_ALL_3892_Hit2","chr8",95003254,95003272,-0.27,4
"p53_chipseq_ALL_4041_Hit1","chr9",6239275,6239293,-0.27,4
"p53_chipseq_ALL_1198_Hit2","chr14",91862569,91862587,-0.28,2
"p53_chipseq_ALL_3328_Hit1","chr5",98175548,98175566,-0.28,8
"p53_chipseq_ALL_3224_Hit1","chr4",153273763,153273781,-0.29,1
"p53_chipseq_ALL_1997_Hit2","chr19",18475788,18475806,-0.29,4
"p53_chipseq_ALL_528_Hit2","chr10",92737310,92737328,-0.29,7
"p53_chipseq_ALL_3805_Hit2","chr7",158611640,158611658,-0.29,9
"p53_chipseq_ALL_49_Hit1","chr1",27187832,27187850,-0.29,2
"p53_chipseq_ALL_2112_Hit1","chr2",38337065,38337083,-0.29,2
"p53_chipseq_ALL_2522_Hit1","chr20",49346278,49346296,-0.29,3
"p53_chipseq_ALL_537_Hit2","chr10",99309939,99309957,-0.3,7
"p53_chipseq_ALL_3042_Hit2","chr3",171510574,171510592,-0.31,4
"p53_chipseq_ALL_2980_Hit2","chr3",127814247,127814265,-0.31,1
"p53_chipseq_ALL_496_Hit1","chr10",74030513,74030531,-0.31,8
"p53_chipseq_ALL_669_Hit1","chr11",65617331,65617349,-0.31,6
"p53_chipseq_ALL_3814_Hit1","chr8",8483475,8483493,-0.31,4
"p53_chipseq_ALL_1916_Hit1","chr18",44457522,44457540,-0.32,5
"p53_chipseq_ALL_1847_Hit2","chr17",71610606,71610624,-0.32,9
"p53_chipseq_ALL_1498_Hit2","chr16",53075792,53075810,-0.32,5
"p53_chipseq_ALL_1676_Hit2","chr17",49031792,49031810,-0.33,7
"p53_chipseq_ALL_1057_Hit1","chr14",23006091,23006109,-0.34,9
"p53_chipseq_ALL_3609_Hit1","chr7",2511162,2511180,-0.34,6
"p53_chipseq_ALL_403_Hit1","chr1",232884804,232884822,-0.34,6
"p53_chipseq_ALL_3123_Hit1","chr4",3941936,3941954,-0.35,3
"p53_chipseq_ALL_3983_Hit1","chr8",128219631,128219649,-0.35,2
"p53_chipseq_ALL_3095_Hit1","chr3",193922626,193922644,-0.35,1
"p53_chipseq_ALL_3940_Hit1","chr8",116850665,116850683,-0.35,6
"p53_chipseq_ALL_3914_Hit2","chr8",102064006,102064024,-0.35,6
"p53_chipseq_ALL_69_Hit1","chr1",33190266,33190284,-0.36,9
"p53_chipseq_ALL_606_Hit1","chr11",8854413,8854431,-0.36,5
"p53_chipseq_ALL_1841_Hit1","chr17",67426780,67426798,-0.36,1
"p53_chipseq_ALL_3230_Hit1","chr4",168818485,168818503,-0.37,5
"p53_chipseq_ALL_3293_Hit2","chr5",58597826,58597844,-0.37,8
"p53_chipseq_ALL_3963_Hit1","chr8",124732554,124732572,-0.37,7
"p53_chipseq_ALL_2281_Hit1","chr2",178339280,178339298,-0.37,2
"p53_chipseq_ALL_2745_Hit2","chr22",30641878,30641896,-0.38,1
"p53_chipseq_ALL_3669_Hit1","chr7",55642202,55642220,-0.38,5
"p53_chipseq_ALL_979_Hit2","chr13",27845105,27845123,-0.38,5
"p53_chipseq_ALL_4066_Hit1","chr9",72591386,72591404,-0.38,9
"p53_chipseq_ALL_3522_Hit2","chr6",43636391,43636409,-0.38,10
"p53_chipseq_ALL_3576_Hit2","chr6",144665385,144665403,-0.38,1
"p53_chipseq_ALL_1386_Hit1","chr15",80295686,80295704,-0.39,5
"p53_chipseq_ALL_2511_Hit1","chr20",49241254,49241272,-0.39,5
"p53_chipseq_ALL_4121_Hit1","chr9",118706561,118706579,-0.39,9
"p53_chipseq_ALL_58_Hit1","chr1",30182849,30182867,-0.39,4
"p53_chipseq_ALL_839_Hit1","chr12",57521608,57521626,-0.39,9
"p53_chipseq_ALL_3298_Hit2","chr5",66390812,66390830,-0.39,3
"p53_chipseq_ALL_2579_Hit1","chr20",52551787,52551805,-0.4,3
"p53_chipseq_ALL_747_Hit1","chr11",113255510,113255528,-0.4,10
"p53_chipseq_ALL_196_Hit1","chr1",145543323,145543341,-0.4,4
"p53_chipseq_ALL_3976_Hit2","chr8",127464461,127464479,-0.4,9
"p53_chipseq_ALL_3131_Hit1","chr4",8065593,8065611,-0.4,4
"p53_chipseq_ALL_1444_Hit1","chr16",4190883,4190901,-0.4,9
"p53_chipseq_ALL_1960_Hit1","chr19",6577596,6577614,-0.4,10
"p53_chipseq_ALL_1641_Hit1","chr17",38350706,38350724,-0.4,3
"p53_chipseq_ALL_3056_Hit2","chr3",183013428,183013446,-0.41,10
"p53_chipseq_ALL_3056_Hit1","chr3",183013424,183013442,-0.41,10
"p53_chipseq_ALL_780_Hit2","chr12",10063851,10063869,-0.41,8
"p53_chipseq_ALL_648_Hit1","chr11",61766631,61766649,-0.41,7
"p53_chipseq_ALL_1596_Hit1","chr17",4757826,4757844,-0.41,7
"p53_chipseq_ALL_2724_Hit1","chr21",47052856,47052874,-0.42,10
"p53_chipseq_ALL_2675_Hit1","chr20",57639529,57639547,-0.43,2
"p53_chipseq_ALL_3240_Hit1","chr4",187620696,187620714,-0.43,6
"p53_chipseq_ALL_2571_Hit1","chr20",52484438,52484456,-0.43,9
"p53_chipseq_ALL_4133_Hit2","chr9",127580531,127580549,-0.43,5
"p53_chipseq_ALL_3934_Hit1","chr8",107620926,107620944,-0.44,2
"p53_chipseq_ALL_3911_Hit2","chr8",101500376,101500394,-0.44,3
"p53_chipseq_ALL_3138_Hit1","chr4",24870813,24870831,-0.44,8
"p53_chipseq_ALL_2717_Hit1","chr21",45969130,45969148,-0.44,8
"p53_chipseq_ALL_35_Hit2","chr1",22282502,22282520,-0.45,5
"p53_chipseq_ALL_645_Hit2","chr11",61587793,61587811,-0.45,6
"p53_chipseq_ALL_1627_Hit1","chr17",29601457,29601475,-0.45,1
"p53_chipseq_ALL_3673_Hit2","chr7",70314710,70314728,-0.45,5
"p53_chipseq_ALL_3289_Hit1","chr5",56790690,56790708,-0.45,1
"p53_chipseq_ALL_833_Hit3","chr12",53892633,53892651,-0.45,3
"p53_chipseq_ALL_2236_Hit1","chr2",137133350,137133368,-0.46,9
"p53_chipseq_ALL_2522_Hit2","chr20",49346252,49346270,-0.46,10
"p53_chipseq_ALL_3393_Hit2","chr5",139167840,139167858,-0.46,10
"p53_chipseq_ALL_2854_Hit1","chr3",50188615,50188633,-0.46,10
"p53_chipseq_ALL_1534_Hit2","chr16",75339850,75339868,-0.46,4
"p53_chipseq_ALL_3120_Hit1","chr4",3438818,3438836,-0.46,2
"p53_chipseq_ALL_3676_Hit2","chr7",73269911,73269929,-0.46,2
"p53_chipseq_ALL_976_Hit1","chr13",25223845,25223863,-0.47,4
"p53_chipseq_ALL_3211_Hit1","chr4",128704678,128704696,-0.47,1
"p53_chipseq_ALL_289_Hit1","chr1",181104289,181104307,-0.48,6
"p53_chipseq_ALL_3364_Hit2","chr5",125704224,125704242,-0.48,5
"p53_chipseq_ALL_1929_Hit1","chr18",56436071,56436089,-0.48,6
"p53_chipseq_ALL_372_Hit1","chr1",207414201,207414219,-0.48,8
"p53_chipseq_ALL_1243_Hit1","chr15",25104063,25104081,-0.49,1
"p53_chipseq_ALL_176_Hit2","chr1",117421916,117421934,-0.49,5
"p53_chipseq_ALL_3554_Hit2","chr6",109218778,109218796,-0.5,3
"p53_chipseq_ALL_670_Hit1","chr11",65666702,65666720,-0.5,7
"p53_chipseq_ALL_3622_Hit1","chr7",11122561,11122579,-0.5,9
"p53_chipseq_ALL_952_Hit1","chr12",124610195,124610213,-0.5,6
"p53_chipseq_ALL_1561_Hit1","chr16",85418701,85418719,-0.51,4
"p53_chipseq_ALL_3833_Hit2","chr8",31030132,31030150,-0.51,5
"p53_chipseq_ALL_3635_Hit2","chr7",25011008,25011026,-0.51,8
"p53_chipseq_ALL_2065_Hit2","chr19",53798521,53798539,-0.51,7
"p53_chipseq_ALL_4175_Hit2","chrX",17566062,17566080,-0.52,3
"p53_chipseq_ALL_2817_Hit1","chr3",12800950,12800968,-0.52,7
"p53_chipseq_ALL_243_Hit2","chr1",153498779,153498797,-0.52,10
"p53_chipseq_ALL_1176_Hit1","chr14",77425808,77425826,-0.53,5
"p53_chipseq_ALL_822_Hit2","chr12",52569964,52569982,-0.53,5
"p53_chipseq_ALL_1163_Hit2","chr14",75688683,75688701,-0.53,3
"p53_chipseq_ALL_2765_Hit1","chr22",41614111,41614129,-0.54,9
"p53_chipseq_ALL_1874_Hit1","chr18",3593709,3593727,-0.54,2
"p53_chipseq_ALL_591_Hit1","chr11",534752,534770,-0.54,4
"p53_chipseq_ALL_893_Hit1","chr12",92428848,92428866,-0.54,3
"p53_chipseq_ALL_140_Hit2","chr1",109096847,109096865,-0.55,1
"p53_chipseq_ALL_3031_Hit1","chr3",159547516,159547534,-0.55,4
"p53_chipseq_ALL_240_Hit2","chr1",152019889,152019907,-0.55,5
"p53_chipseq_ALL_995_Hit2","chr13",39092661,39092679,-0.55,10
"p53_chipseq_ALL_3517_Hit1","chr6",41736606,41736624,-0.56,6
"p53_chipseq_ALL_3324_Hit1","chr5",93013330,93013348,-0.57,10
"p53_chipseq_ALL_2850_Hit2","chr3",48474094,48474112,-0.57,7
"p53_chipseq_ALL_1070_Hit1","chr14",34801076,34801094,-0.57,7
"p53_chipseq_ALL_1094_Hit2","chr14",51067100,51067118,-0.57,10
"p53_chipseq_ALL_966_Hit2","chr13",19399022,19399040,-0.57,6
"p53_chipseq_ALL_526_Hit2","chr10",90751077,90751095,-0.58,5
"p53_chipseq_ALL_101_Hit1","chr1",67681119,67681137,-0.6,9
"p53_chipseq_ALL_3583_Hit1","chr6",151178494,151178512,-0.6,7
"p53_chipseq_ALL_3040_Hit1","chr3",170407253,170407271,-0.6,4
"p53_chipseq_ALL_3304_Hit1","chr5",71203180,71203198,-0.62,1
"p53_chipseq_ALL_382_Hit1","chr1",215175170,215175188,-0.62,8
"p53_chipseq_ALL_3176_Hit1","chr4",84092351,84092369,-0.62,6
"p53_chipseq_ALL_2860_Hit1","chr3",57049323,57049341,-0.63,7
"p53_chipseq_ALL_2817_Hit2","chr3",12800956,12800974,-0.63,1
"p53_chipseq_ALL_1685_Hit1","chr17",55601497,55601515,-0.63,7
"p53_chipseq_ALL_1227_Hit1","chr14",100864563,100864581,-0.63,4
"p53_chipseq_ALL_2258_Hit1","chr2",161934733,161934751,-0.63,6
"p53_chipseq_ALL_2854_Hit2","chr3",50188621,50188639,-0.64,9
"p53_chipseq_ALL_1687_Hit2","chr17",55945550,55945568,-0.64,4
"p53_chipseq_ALL_2264_Hit2","chr2",171078354,171078372,-0.65,3
"p53_chipseq_ALL_1778_Hit2","chr17",59489644,59489662,-0.65,8
"p53_chipseq_ALL_3107_Hit2","chr3",195840410,195840428,-0.66,2
"p53_chipseq_ALL_3068_Hit2","chr3",186901158,186901176,-0.66,3
"p53_chipseq_ALL_1685_Hit2","chr17",55601477,55601495,-0.67,4
"p53_chipseq_ALL_2059_Hit1","chr19",49559363,49559381,-0.67,5
"p53_chipseq_ALL_3864_Hit2","chr8",67036685,67036703,-0.67,4
"p53_chipseq_ALL_3851_Hit2","chr8",54858309,54858327,-0.68,3
"p53_chipseq_ALL_473_Hit1","chr10",49684597,49684615,-0.68,8
"p53_chipseq_ALL_4076_Hit1","chr9",87466969,87466987,-0.68,6
"p53_chipseq_ALL_3980_Hit2","chr8",127592402,127592420,-0.68,10
"p53_chipseq_ALL_1004_Hit2","chr13",41976835,41976853,-0.68,7
"p53_chipseq_ALL_413_Hit2","chr1",235838543,235838561,-0.69,4
"p53_chipseq_ALL_403_Hit2","chr1",232884814,232884832,-0.7,2
"p53_chipseq_ALL_1850_Hit1","chr17",73781617,73781635,-0.7,2
"p53_chipseq_ALL_831_Hit1","chr12",53364012,53364030,-0.7,3
"p53_chipseq_ALL_2765_Hit2","chr22",41614121,41614139,-0.7,2
"p53_chipseq_ALL_459_Hit2","chr10",35737695,35737713,-0.7,7
"p53_chipseq_ALL_2025_Hit1","chr19",40475314,40475332,-0.71,8
"p53_chipseq_ALL_3298_Hit1","chr5",66390820,66390838,-0.71,5
"p53_chipseq_ALL_3653_Hit1","chr7",37528210,37528228,-0.71,10
"p53_chipseq_ALL_181_Hit1","chr1",144010849,144010867,-0.71,3
"p53_chipseq_ALL_3891_Hit1","chr8",94763471,94763489,-0.71,2
"p53_chipseq_ALL_3733_Hit1","chr7",105222066,105222084,-0.71,3
"p53_chipseq_ALL_1363_Hit1","chr15",70755218,70755236,-0.72,8
"p53_chipseq_ALL_1_Hit1","chr1",1186439,1186457,-0.72,9
"p53_chipseq_ALL_258_Hit2","chr1",156711125,156711143,-0.73,2
"p53_chipseq_ALL_1504_Hit1","chr16",65803139,65803157,-0.73,1
"p53_chipseq_ALL_948_Hit1","chr12",123431480,123431498,-0.73,3
"p53_chipseq_ALL_1528_Hit2","chr16",74901754,74901772,-0.73,9
"p53_chipseq_ALL_1857_Hit1","chr17",78668102,78668120,-0.73,3
"p53_chipseq_ALL_3590_Hit1","chr6",158069734,158069752,-0.74,10
"p53_chipseq_ALL_552_Hit2","chr10",106569170,106569188,-0.74,3
"p53_chipseq_ALL_2699_Hit1","chr21",34739680,34739698,-0.74,8
"p53_chipseq_ALL_3313_Hit1","chr5",77641772,77641790,-0.74,9
"p53_chipseq_ALL_2171_Hit1","chr2",88838003,88838021,-0.74,9
"p53_chipseq_ALL_2084_Hit1","chr2",17997120,17997138,-0.74,5
"p53_chipseq_ALL_3864_Hit1","chr8",67036675,67036693,-0.74,8
"p53_chipseq_ALL_3522_Hit1","chr6",43636386,43636404,-0.77,4
"p53_chipseq_ALL_1437_Hit2","chr16",2518619,2518637,-0.78,10
"p53_chipseq_ALL_4076_Hit2","chr9",87466963,87466981,-0.79,1
"p53_chipseq_ALL_2129_Hit1","chr2",46662378,46662396,-0.8,5
"p53_chipseq_ALL_3733_Hit2","chr7",105222059,105222077,-0.8,8
"p53_chipseq_ALL_3401_Hit1","chr5",142580478,142580496,-0.8,10
"p53_chipseq_ALL_693_Hit1","chr11",69812011,69812029,-0.8,3
"p53_chipseq_ALL_3484_Hit1","chr6",20867110,20867128,-0.81,1
"p53_chipseq_ALL_3646_Hit2","chr7",30591165,30591183,-0.81,4
"p53_chipseq_ALL_1613_Hit1","chr17",19890301,19890319,-0.82,4
"p53_chipseq_ALL_1624_Hit1","chr17",28367845,28367863,-0.82,8
"p53_chipseq_ALL_1683_Hit2","chr17",55447568,55447586,-0.83,1
"p53_chipseq_ALL_534_Hit1","chr10",97054992,97055010,-0.83,8
"p53_chipseq_ALL_2526_Hit1","chr20",49383578,49383596,-0.83,8
"p53_chipseq_ALL_1526_Hit2","chr16",74764002,74764020,-0.83,5
"p53_chipseq_ALL_847_Hit1","chr12",64916176,64916194,-0.83,9
"p53_chipseq_ALL_1349_Hit1","chr15",67341110,67341128,-0.84,5
"p53_chipseq_ALL_2399_Hit2","chr20",39619396,39619414,-0.84,8
"p53_chipseq_ALL_2800_Hit1","chr3",5041764,5041782,-0.84,4
"p53_chipseq_ALL_1676_Hit1","chr17",49031782,49031800,-0.85,3
"p53_chipseq_ALL_3797_Hit1","chr7",152430840,152430858,-0.88,6
"p53_chipseq_ALL_1993_Hit2","chr19",18204363,18204381,-0.9,5
"p53_chipseq_ALL_893_Hit2","chr12",92428828,92428846,-0.92,6
"p53_chipseq_ALL_4028_Hit1","chr8",145673794,145673812,-0.92,3
"p53_chipseq_ALL_3489_Hit1","chr6",24985792,24985810,-0.93,7
"p53_chipseq_ALL_2703_Hit1","chr21",38909464,38909482,-0.93,8
"p53_chipseq_ALL_3802_Hit1","chr7",155653726,155653744,-0.93,9
"p53_chipseq_ALL_593_Hit2","chr11",804443,804461,-0.95,5
"p53_chipseq_ALL_3068_Hit1","chr3",186901167,186901185,-0.96,5
"p53_chipseq_ALL_2693_Hit1","chr21",27762655,27762673,-0.97,2
"p53_chipseq_ALL_4186_Hit1","chrX",42856342,42856360,-0.97,10
"p53_chipseq_ALL_1045_Hit1","chr13",109572202,109572220,-0.97,5
"p53_chipseq_ALL_1437_Hit1","chr16",2518627,2518645,-0.97,10
"p53_chipseq_ALL_1641_Hit2","chr17",38350715,38350733,-0.98,1
"p53_chipseq_ALL_4071_Hit1","chr9",81641394,81641412,-0.98,1
"p53_chipseq_ALL_703_Hit1","chr11",72897572,72897590,-1,6
"p53_chipseq_ALL_1612_Hit1","chr17",19656652,19656670,-1,5
"p53_chipseq_ALL_2736_Hit2","chr22",25457826,25457844,-1,7
"p53_chipseq_ALL_2253_Hit1","chr2",159580750,159580768,-1.01,5
"p53_chipseq_ALL_294_Hit1","chr1",182613039,182613057,-1.01,4
"p53_chipseq_ALL_1165_Hit1","chr14",75726914,75726932,-1.01,4
"p53_chipseq_ALL_1070_Hit2","chr14",34801084,34801102,-1.02,8
"p53_chipseq_ALL_3980_Hit1","chr8",127592422,127592440,-1.03,6
"p53_chipseq_ALL_4106_Hit1","chr9",110011615,110011633,-1.04,4
"p53_chipseq_ALL_1441_Hit1","chr16",3150424,3150442,-1.04,8
"p53_chipseq_ALL_610_Hit2","chr11",9823989,9824007,-1.04,5
"p53_chipseq_ALL_537_Hit1","chr10",99309929,99309947,-1.05,1
"p53_chipseq_ALL_2653_Hit1","chr20",55379745,55379763,-1.05,4
"p53_chipseq_ALL_2276_Hit2","chr2",178035058,178035076,-1.05,3
"p53_chipseq_ALL_1511_Hit2","chr16",68125748,68125766,-1.07,6
"p53_chipseq_ALL_2750_Hit2","chr22",31650146,31650164,-1.08,5
"p53_chipseq_ALL_1590_Hit2","chr17",1900772,1900790,-1.1,2
"p53_chipseq_ALL_3096_Hit2","chr3",194026864,194026882,-1.13,5
"p53_chipseq_ALL_3833_Hit1","chr8",31030152,31030170,-1.13,9
"p53_chipseq_ALL_661_Hit1","chr11",64610647,64610665,-1.13,2
"p53_chipseq_ALL_2738_Hit2","chr22",28115682,28115700,-1.14,4
"p53_chipseq_ALL_38_Hit2","chr1",22369853,22369871,-1.18,8
"p53_chipseq_ALL_3598_Hit1","chr6",164055880,164055898,-1.19,1
"p53_chipseq_ALL_2774_Hit1","chr22",45081609,45081627,-1.2,10
"p53_chipseq_ALL_2459_Hit1","chr20",46239425,46239443,-1.21,1
"p53_chipseq_ALL_173_Hit1","chr1",116314580,116314598,-1.21,2
"p53_chipseq_ALL_2774_Hit2","chr22",45081599,45081617,-1.24,6
"p53_chipseq_ALL_1656_Hit2","chr17",41917233,41917251,-1.24,5
"p53_chipseq_ALL_3475_Hit2","chr6",18028703,18028721,-1.24,2
"p53_chipseq_ALL_3659_Hit1","chr7",43617235,43617253,-1.26,1
"p53_chipseq_ALL_3676_Hit1","chr7",73269895,73269913,-1.27,4
"p53_chipseq_ALL_3230_Hit2","chr4",168818465,168818483,-1.27,6
"p53_chipseq_ALL_1949_Hit1","chr19",2058662,2058680,-1.28,3
"p53_chipseq_ALL_1646_Hit1","chr17",38738733,38738751,-1.28,8
"p53_chipseq_ALL_1051_Hit2","chr13",114540386,114540404,-1.3,8
"p53_chipseq_ALL_1511_Hit1","chr16",68125768,68125786,-1.31,6
"p53_chipseq_ALL_4108_Hit1","chr9",110500538,110500556,-1.35,10
"p53_chipseq_ALL_645_Hit1","chr11",61587801,61587819,-1.36,7
"p53_chipseq_ALL_3126_Hit2","chr4",5775137,5775155,-1.38,9
"p53_chipseq_ALL_2719_Hit1","chr21",46018020,46018038,-1.41,10
"p53_chipseq_ALL_3121_Hit2","chr4",3533473,3533491,-1.41,7
"p53_chipseq_ALL_1023_Hit2","chr13",51305761,51305779,-1.46,3
"p53_chipseq_ALL_3892_Hit1","chr8",95003274,95003292,-1.46,1
"p53_chipseq_ALL_3773_Hit1","chr7",130013919,130013937,-1.46,3
"p53_chipseq_ALL_3065_Hit1","chr3",185435768,185435786,-1.49,2
"p53_chipseq_ALL_667_Hit1","chr11",65551630,65551648,-1.51,6
"p53_chipseq_ALL_269_Hit2","chr1",171723718,171723736,-1.54,5
"p53_chipseq_ALL_3110_Hit1","chr3",196047124,196047142,-1.55,7
"p53_chipseq_ALL_3312_Hit1","chr5",77175926,77175944,-1.56,3
"p53_chipseq_ALL_1590_Hit1","chr17",1900787,1900805,-1.58,6
"p53_chipseq_ALL_2511_Hit2","chr20",49241235,49241253,-1.59,5
"p53_chipseq_ALL_1692_Hit1","chr17",56468823,56468841,-1.61,8
"p53_chipseq_ALL_2327_Hit1","chr2",232477386,232477404,-1.65,9
"p53_chipseq_ALL_3519_Hit1","chr6",43064442,43064460,-1.66,7
"p53_chipseq_ALL_3795_Hit1","chr7",151385351,151385369,-1.66,1
"p53_chipseq_ALL_1657_Hit1","chr17",41949836,41949854,-1.66,6
"p53_chipseq_ALL_65_Hit2","chr1",32253832,32253850,-1.66,10
"p53_chipseq_ALL_2743_Hit1","chr22",30019223,30019241,-1.69,8
"p53_chipseq_ALL_1890_Hit1","chr18",21299736,21299754,-1.69,7
"p53_chipseq_ALL_101_Hit2","chr1",67681099,67681117,-1.71,4
"p53_chipseq_ALL_1305_Hit1","chr15",52545240,52545258,-1.74,1
"p53_chipseq_ALL_1612_Hit2","chr17",19656642,19656660,-1.76,9
"p53_chipseq_ALL_1136_Hit2","chr14",68604815,68604833,-1.81,4
"p53_chipseq_ALL_1190_Hit1","chr14",89895337,89895355,-1.85,2
"p53_chipseq_ALL_1890_Hit2","chr18",21299716,21299734,-1.88,6
"p53_chipseq_ALL_2276_Hit1","chr2",178035078,178035096,-1.94,10
"p53_chipseq_ALL_503_Hit1","chr10",75648869,75648887,-2.09,7
"p53_chipseq_ALL_3579_Hit1","chr6",149207297,149207315,-2.1,2
"p53_chipseq_ALL_3822_Hit1","chr8",22005102,22005120,-2.1,10
"p53_chipseq_ALL_142_Hit1","chr1",109740799,109740817,-2.12,3
"p53_chipseq_ALL_608_Hit1","chr11",9160574,9160592,-2.17,2
"p53_chipseq_ALL_3814_Hit2","chr8",8483455,8483473,-2.56,1
"p53_chipseq_ALL_3107_Hit1","chr3",195840430,195840448,-2.59,1
"p53_chipseq_ALL_3713_Hit1","chr7",96797276,96797294,-2.72,1
"p53_chipseq_ALL_1470_Hit1","chr16",24393272,24393290,-2.73,7
"p53_chipseq_ALL_82_Hit1","chr1",41177302,41177320,-2.88,2
"p53_chipseq_ALL_2724_Hit2","chr21",47052835,47052853,-2.92,7
"p53_chipseq_ALL_1718_Hit2","chr17",57930515,57930533,-3.43,7
"p53_chipseq_ALL_3101_Hit11","chr3",194751916,194751934,7.87,10
"p53_chipseq_ALL_3507_Hit11","chr6",36635046,36635064,7.8,8
"p53_chipseq_ALL_55_Hit11","chr1",28678988,28679006,4.92,2
"p53_chipseq_ALL_3507_Hit31","chr6",36635031,36635049,4.45,9
"p53_chipseq_ALL_3508_Hit11","chr6",36644238,36644256,4.2,6
"p53_chipseq_ALL_3519_Hit21","chr6",43064432,43064450,3.89,10
"p53_chipseq_ALL_528_Hit11","chr10",92737319,92737337,3.79,4
"p53_chipseq_ALL_3962_Hit11","chr8",124624776,124624794,2.86,9
"p53_chipseq_ALL_632_Hit11","chr11",34707149,34707167,2.79,4
"p53_chipseq_ALL_610_Hit11","chr11",9824009,9824027,2.76,9
"p53_chipseq_ALL_1094_Hit11","chr14",51067111,51067129,2.69,9
"p53_chipseq_ALL_3614_Hit11","chr7",5469022,5469040,2.5,6
"p53_chipseq_ALL_356_Hit11","chr1",205267611,205267629,2.36,5
"p53_chipseq_ALL_1857_Hit21","chr17",78668087,78668105,2.32,2
"p53_chipseq_ALL_1123_Hit21","chr14",65147167,65147185,2.3,4
"p53_chipseq_ALL_1646_Hit21","chr17",38738721,38738739,2.28,5
"p53_chipseq_ALL_1843_Hit11","chr17",67866978,67866996,2.24,8
"p53_chipseq_ALL_3304_Hit21","chr5",71203164,71203182,1.95,9
"p53_chipseq_ALL_3635_Hit11","chr7",25011028,25011046,1.93,2
"p53_chipseq_ALL_3288_Hit11","chr5",56363561,56363579,1.67,10
"p53_chipseq_ALL_3602_Hit21","chr7",579659,579677,1.64,2
"p53_chipseq_ALL_1298_Hit21","chr15",52121580,52121598,1.62,9
"p53_chipseq_ALL_1643_Hit21","chr17",38627789,38627807,1.62,4
"p53_chipseq_ALL_3118_Hit11","chr4",1772665,1772683,1.58,7
"p53_chipseq_ALL_3023_Hit11","chr3",151555114,151555132,1.57,2
"p53_chipseq_ALL_367_Hit11","chr1",207038822,207038840,1.53,9
"p53_chipseq_ALL_695_Hit11","chr11",70371384,70371402,1.52,3
"p53_chipseq_ALL_611_Hit21","chr11",10066304,10066322,1.52,2
"p53_chipseq_ALL_3060_Hit21","chr3",184243722,184243740,1.51,4
"p53_chipseq_ALL_2302_Hit21","chr2",207095213,207095231,1.51,3
"p53_chipseq_ALL_1905_Hit11","chr18",33442226,33442244,1.48,7
"p53_chipseq_ALL_3918_Hit11","chr8",102449591,102449609,1.48,3
"p53_chipseq_ALL_3923_Hit21","chr8",103249068,103249086,1.46,2
"p53_chipseq_ALL_4175_Hit11","chrX",17566049,17566067,1.44,7
"p53_chipseq_ALL_237_Hit11","chr1",151962200,151962218,1.44,9
"p53_chipseq_ALL_4027_Hit31","chr8",145597060,145597078,1.43,8
"p53_chipseq_ALL_3328_Hit21","chr5",98175532,98175550,1.41,6
"p53_chipseq_ALL_1852_Hit11","chr17",74128797,74128815,1.4,8
"p53_chipseq_ALL_2729_Hit11","chr22",18917232,18917250,1.36,2
"p53_chipseq_ALL_2799_Hit21","chr3",5036818,5036836,1.35,8
"p53_chipseq_ALL_3122_Hit11","chr4",3786391,3786409,1.34,3
"p53_chipseq_ALL_428_Hit11","chr10",11059457,11059475,1.33,2
"p53_chipseq_ALL_3127_Hit11","chr4",5914516,5914534,1.32,4
"p53_chipseq_ALL_1254_Hit11","chr15",36298239,36298257,1.3,5
"p53_chipseq_ALL_4058_Hit21","chr9",35906123,35906141,1.29,3
"p53_chipseq_ALL_3045_Hit11","chr3",172235067,172235085,1.28,10
"p53_chipseq_ALL_3462_Hit21","chr6",7464172,7464190,1.26,8
"p53_chipseq_ALL_2900_Hit11","chr3",64172785,64172803,1.25,2
"p53_chipseq_ALL_1074_Hit11","chr14",35854830,35854848,1.24,5
"p53_chipseq_ALL_3386_Hit11","chr5",138044542,138044560,1.24,4
"p53_chipseq_ALL_3462_Hit11","chr6",7464198,7464216,1.24,1
"p53_chipseq_ALL_24_Hit11","chr1",16511302,16511320,1.23,9
"p53_chipseq_ALL_2963_Hit11","chr3",119357955,119357973,1.23,9
"p53_chipseq_ALL_4206_Hit21","chrX",93655738,93655756,1.23,6
"p53_chipseq_ALL_2732_Hit11","chr22",19862164,19862182,1.23,8
"p53_chipseq_ALL_2156_Hit11","chr2",74237580,74237598,1.22,2
"p53_chipseq_ALL_591_Hit21","chr11",534762,534780,1.22,6
"p53_chipseq_ALL_2858_Hit21","chr3",53304101,53304119,1.21,1
"p53_chipseq_ALL_508_Hit11","chr10",80997664,80997682,1.19,6
"p53_chipseq_ALL_2945_Hit11","chr3",83983816,83983834,1.19,7
"p53_chipseq_ALL_2736_Hit11","chr22",25457815,25457833,1.19,10
"p53_chipseq_ALL_2106_Hit11","chr2",37881409,37881427,1.15,9
"p53_chipseq_ALL_2741_Hit21","chr22",29379344,29379362,1.15,1
"p53_chipseq_ALL_667_Hit21","chr11",65551622,65551640,1.13,8
"p53_chipseq_ALL_1687_Hit11","chr17",55945556,55945574,1.13,10
"p53_chipseq_ALL_387_Hit11","chr1",218633353,218633371,1.13,8
"p53_chipseq_ALL_620_Hit11","chr11",20072242,20072260,1.1,3
"p53_chipseq_ALL_50_Hit21","chr1",27669583,27669601,1.08,2
"p53_chipseq_ALL_549_Hit11","chr10",105435977,105435995,1.08,1
"p53_chipseq_ALL_2068_Hit11","chr19",56112764,56112782,1.07,4
"p53_chipseq_ALL_3014_Hit11","chr3",149017988,149018006,1.06,2
"p53_chipseq_ALL_22_Hit11","chr1",16479026,16479044,1.06,7
"p53_chipseq_ALL_3311_Hit21","chr5",76146497,76146515,1.06,8
"p53_chipseq_ALL_1458_Hit11","chr16",14400983,14401001,1.05,9
"p53_chipseq_ALL_1534_Hit11","chr16",75339854,75339872,1.03,8
"p53_chipseq_ALL_3205_Hit11","chr4",124476659,124476677,1.03,8
"p53_chipseq_ALL_3669_Hit21","chr7",55642191,55642209,1.03,1
"p53_chipseq_ALL_2096_Hit11","chr2",27388338,27388356,1.03,6
"p53_chipseq_ALL_1044_Hit11","chr13",100702813,100702831,1.02,5
"p53_chipseq_ALL_646_Hit11","chr11",61739022,61739040,1.02,4
"p53_chipseq_ALL_237_Hit21","chr1",151962185,151962203,1.02,2
"p53_chipseq_ALL_516_Hit21","chr10",85743594,85743612,1.02,10
"p53_chipseq_ALL_1145_Hit21","chr14",70466225,70466243,1.01,6
"p53_chipseq_ALL_2939_Hit11","chr3",72226664,72226682,1.01,4
"p53_chipseq_ALL_808_Hit11","chr12",46501577,46501595,1.01,4
"p53_chipseq_ALL_3511_Hit11","chr6",38362244,38362262,0.99,10
"p53_chipseq_ALL_3590_Hit21","chr6",158069718,158069736,0.99,9
"p53_chipseq_ALL_3451_Hit11","chr6",680842,680860,0.99,4
"p53_chipseq_ALL_2125_Hit21","chr2",46076796,46076814,0.98,6
"p53_chipseq_ALL_3223_Hit11","chr4",153180334,153180352,0.98,1
"p53_chipseq_ALL_1022_Hit21","chr13",51103668,51103686,0.98,1
"p53_chipseq_ALL_3911_Hit11","chr8",101500370,101500388,0.98,2
"p53_chipseq_ALL_85_Hit11","chr1",41948080,41948098,0.97,9
"p53_chipseq_ALL_601_Hit11","chr11",4485656,4485674,0.97,4
"p53_chipseq_ALL_4191_Hit11","chrX",45629414,45629432,0.97,9
"p53_chipseq_ALL_2718_Hit21","chr21",46014000,46014018,0.96,4
"p53_chipseq_ALL_1864_Hit21","chr17",80453894,80453912,0.95,3
"p53_chipseq_ALL_3133_Hit11","chr4",15002935,15002953,0.95,7
"p53_chipseq_ALL_94_Hit11","chr1",51069400,51069418,0.94,10
"p53_chipseq_ALL_3569_Hit21","chr6",133660911,133660929,0.94,6
"p53_chipseq_ALL_3769_Hit21","chr7",121151339,121151357,0.93,7
"p53_chipseq_ALL_756_Hit11","chr11",119567267,119567285,0.93,3
"p53_chipseq_ALL_4170_Hit11","chrX",4628801,4628819,0.93,1
"p53_chipseq_ALL_1424_Hit21","chr15",96887051,96887069,0.92,6
"p53_chipseq_ALL_140_Hit11","chr1",109096852,109096870,0.92,9
"p53_chipseq_ALL_1396_Hit11","chr15",84049515,84049533,0.92,7
"p53_chipseq_ALL_485_Hit11","chr10",63662775,63662793,0.91,1
"p53_chipseq_ALL_1527_Hit11","chr16",74773601,74773619,0.9,2
"p53_chipseq_ALL_559_Hit21","chr10",116391214,116391232,0.9,10
"p53_chipseq_ALL_3772_Hit11","chr7",129912390,129912408,0.88,1
"p53_chipseq_ALL_2799_Hit11","chr3",5036813,5036831,0.88,1
"p53_chipseq_ALL_1643_Hit11","chr17",38627806,38627824,0.88,2
"p53_chipseq_ALL_2325_Hit21","chr2",228331680,228331698,0.87,5
"p53_chipseq_ALL_32_Hit21","chr1",18807577,18807595,0.87,2
"p53_chipseq_ALL_2144_Hit11","chr2",64962871,64962889,0.86,4
"p53_chipseq_ALL_2030_Hit11","chr19",41724613,41724631,0.85,4
"p53_chipseq_ALL_1949_Hit21","chr19",2058673,2058691,0.85,5
"p53_chipseq_ALL_3393_Hit11","chr5",139167855,139167873,0.85,4
"p53_chipseq_ALL_1022_Hit11","chr13",51103655,51103673,0.84,3
"p53_chipseq_ALL_46_Hit21","chr1",25298958,25298976,0.84,8
"p53_chipseq_ALL_1692_Hit21","chr17",56468834,56468852,0.82,3
"p53_chipseq_ALL_1926_Hit11","chr18",53751046,53751064,0.82,2
"p53_chipseq_ALL_243_Hit11","chr1",153498788,153498806,0.82,1
"p53_chipseq_ALL_839_Hit21","chr12",57521586,57521604,0.81,9
"p53_chipseq_ALL_771_Hit21","chr12",4430793,4430811,0.81,6
"p53_chipseq_ALL_1536_Hit11","chr16",75520071,75520089,0.81,7
"p53_chipseq_ALL_3667_Hit31","chr7",51393005,51393023,0.8,10
"p53_chipseq_ALL_3431_Hit11","chr5",173311378,173311396,0.8,5
"p53_chipseq_ALL_4113_Hit21","chr9",114824589,114824607,0.8,1
"p53_chipseq_ALL_1688_Hit21","chr17",55978970,55978988,0.8,8
"p53_chipseq_ALL_3126_Hit11","chr4",5775125,5775143,0.79,4
"p53_chipseq_ALL_3202_Hit11","chr4",123698300,123698318,0.79,7
"p53_chipseq_ALL_3088_Hit21","chr3",193776310,193776328,0.79,5
"p53_chipseq_ALL_3420_Hit11","chr5",162936719,162936737,0.79,4
"p53_chipseq_ALL_1420_Hit11","chr15",93631493,93631511,0.78,7
"p53_chipseq_ALL_881_Hit11","chr12",81172034,81172052,0.77,4
"p53_chipseq_ALL_2084_Hit21","chr2",17997099,17997117,0.77,10
"p53_chipseq_ALL_979_Hit11","chr13",27845092,27845110,0.76,8
"p53_chipseq_ALL_928_Hit21","chr12",112196345,112196363,0.76,6
"p53_chipseq_ALL_2540_Hit11","chr20",52215347,52215365,0.76,6
"p53_chipseq_ALL_2435_Hit21","chr20",45981448,45981466,0.76,4
"p53_chipseq_ALL_3625_Hit11","chr7",16461588,16461606,0.75,1
"p53_chipseq_ALL_3721_Hit21","chr7",100399485,100399503,0.75,9
"p53_chipseq_ALL_643_Hit21","chr11",61465319,61465337,0.75,3
"p53_chipseq_ALL_2343_Hit31","chr20",642811,642829,0.75,4
"p53_chipseq_ALL_269_Hit11","chr1",171723706,171723724,0.74,8
"p53_chipseq_ALL_3774_Hit21","chr7",130873282,130873300,0.74,6
"p53_chipseq_ALL_3386_Hit21","chr5",138044551,138044569,0.74,3
"p53_chipseq_ALL_3839_Hit11","chr8",41676450,41676468,0.74,3
"p53_chipseq_ALL_944_Hit21","chr12",121363844,121363862,0.74,8
